id,left,top,right,bottom,row_index,col_index,area_km2,fid_count,fid_sum,id_count,area_m2_co,area_m2_su,DN_count,DN_sum,DN_mean,obf_pct,obf_n,bld_n,wsf_n,UMI,UMI_w
216,730540.699300000094809,2580188.005200000014156,731540.699300000094809,2579188.005200000014156,5,7,0.023,,,,,,1,0.000000,0.000000,0.000,0.000,,0.000,,
217,730540.699300000094809,2579188.005200000014156,731540.699300000094809,2578188.005200000014156,6,7,0.261,,,,,,2,255.000000,127.500000,0.000,0.000,,0.513,,
218,730540.699300000094809,2578188.005200000014156,731540.699300000094809,2577188.005200000014156,7,7,0.001,,,,,,1,0.000000,0.000000,0.000,0.000,,0.000,,
222,730540.699300000094809,2574188.005200000014156,731540.699300000094809,2573188.005200000014156,11,7,0.003,,,,,,1,0.000000,0.000000,0.000,0.000,,0.000,,
246,731540.699300000094809,2580188.005200000014156,732540.699300000094809,2579188.005200000014156,5,8,0.016,,,,,,1,0.000000,0.000000,0.000,0.000,,0.000,,
247,731540.699300000094809,2579188.005200000014156,732540.699300000094809,2578188.005200000014156,6,8,0.995,16,1478105.000000,16,16,4990.025000,55,13515.000000,245.727273,0.502,0.009,0.009,0.988,0.335,0.205
248,731540.699300000094809,2578188.005200000014156,732540.699300000094809,2577188.005200000014156,7,8,0.722,89,8047189.000000,89,89,42867.983000,42,9690.000000,230.714286,5.937,0.112,0.050,0.928,0.363,0.250
249,731540.699300000094809,2577188.005200000014156,732540.699300000094809,2576188.005200000014156,8,8,0.279,12,1101074.000000,12,12,3467.952000,8,1785.000000,223.125000,1.243,0.023,0.007,0.897,0.309,0.191
250,731540.699300000094809,2576188.005200000014156,732540.699300000094809,2575188.005200000014156,9,8,0.560,42,3575392.000000,42,42,7267.630000,46,11220.000000,243.913043,1.298,0.024,0.024,0.981,0.343,0.215
251,731540.699300000094809,2575188.005200000014156,732540.699300000094809,2574188.005200000014156,10,8,0.915,92,8948483.000000,92,92,13903.140000,50,9945.000000,198.900000,1.519,0.029,0.052,0.800,0.294,0.192
252,731540.699300000094809,2574188.005200000014156,732540.699300000094809,2573188.005200000014156,11,8,0.894,36,3474233.000000,36,36,4820.603000,12,2805.000000,233.750000,0.539,0.010,0.020,0.940,0.323,0.200
253,731540.699300000094809,2573188.005200000014156,732540.699300000094809,2572188.005200000014156,12,8,0.439,13,1222704.000000,13,13,1345.491000,2,255.000000,127.500000,0.306,0.006,0.007,0.513,0.175,0.108
277,732540.699300000094809,2579188.005200000014156,733540.699300000094809,2578188.005200000014156,6,9,0.911,35,3286358.000000,35,35,5192.321000,12,2550.000000,212.500000,0.570,0.011,0.020,0.855,0.295,0.183
278,732540.699300000094809,2578188.005200000014156,733540.699300000094809,2577188.005200000014156,7,9,0.999,52,5124711.000000,52,52,21907.478000,28,6120.000000,218.571429,2.193,0.041,0.029,0.879,0.316,0.204
279,732540.699300000094809,2577188.005200000014156,733540.699300000094809,2576188.005200000014156,8,9,0.999,154,14274394.000000,154,154,48019.137000,79,17085.000000,216.265823,4.807,0.090,0.087,0.870,0.349,0.245
280,732540.699300000094809,2576188.005200000014156,733540.699300000094809,2575188.005200000014156,9,9,0.999,204,19114541.000000,204,204,20582.844000,51,7140.000000,140.000000,2.060,0.039,0.115,0.563,0.239,0.174
281,732540.699300000094809,2575188.005200000014156,733540.699300000094809,2574188.005200000014156,10,9,0.999,21,2046521.000000,21,21,2217.863000,7,1530.000000,218.571429,0.222,0.004,0.012,0.879,0.298,0.182
282,732540.699300000094809,2574188.005200000014156,733540.699300000094809,2573188.005200000014156,11,9,0.999,241,22835295.000000,241,241,41664.480000,64,7140.000000,111.562500,4.171,0.078,0.136,0.449,0.221,0.175
283,732540.699300000094809,2573188.005200000014156,733540.699300000094809,2572188.005200000014156,12,9,0.775,,,,,,1,0.000000,0.000000,0.000,0.000,,0.000,,
307,733540.699300000094809,2579188.005200000014156,734540.699300000094809,2578188.005200000014156,6,10,0.511,17,1591950.000000,17,17,8482.439000,6,1275.000000,212.500000,1.660,0.031,0.010,0.855,0.299,0.187
308,733540.699300000094809,2578188.005200000014156,734540.699300000094809,2577188.005200000014156,7,10,0.953,83,8091232.000000,83,83,14458.469000,13,2805.000000,215.769231,1.517,0.029,0.047,0.868,0.315,0.204
309,733540.699300000094809,2577188.005200000014156,734540.699300000094809,2576188.005200000014156,8,10,0.999,30,2849397.000000,30,30,3133.832000,11,2550.000000,231.818182,0.314,0.006,0.017,0.932,0.318,0.196
310,733540.699300000094809,2576188.005200000014156,734540.699300000094809,2575188.005200000014156,9,10,0.999,273,25392238.000000,273,273,37234.448000,32,3825.000000,119.531250,3.727,0.070,0.154,0.481,0.235,0.186
311,733540.699300000094809,2575188.005200000014156,734540.699300000094809,2574188.005200000014156,10,10,0.999,159,14622258.000000,159,159,19582.591000,31,6120.000000,197.419355,1.960,0.037,0.090,0.794,0.307,0.210
312,733540.699300000094809,2574188.005200000014156,734540.699300000094809,2573188.005200000014156,11,10,0.999,32,2643743.000000,32,32,5860.607000,11,2550.000000,231.818182,0.587,0.011,0.018,0.932,0.320,0.198
313,733540.699300000094809,2573188.005200000014156,734540.699300000094809,2572188.005200000014156,12,10,0.653,,,,,,1,0.000000,0.000000,0.000,0.000,,0.000,,
337,734540.699300000094809,2579188.005200000014156,735540.699300000094809,2578188.005200000014156,6,11,0.298,28,2262319.000000,28,28,10187.396000,15,3570.000000,238.000000,3.419,0.064,0.016,0.957,0.346,0.223
338,734540.699300000094809,2578188.005200000014156,735540.699300000094809,2577188.005200000014156,7,11,0.787,54,4975909.000000,54,54,12124.112000,24,5865.000000,244.375000,1.541,0.029,0.030,0.983,0.347,0.220
339,734540.699300000094809,2577188.005200000014156,735540.699300000094809,2576188.005200000014156,8,11,0.999,9,758078.000000,9,9,1322.945000,6,1275.000000,212.500000,0.132,0.002,0.005,0.855,0.287,0.174
340,734540.699300000094809,2576188.005200000014156,735540.699300000094809,2575188.005200000014156,9,11,0.999,9,642365.000000,9,9,751.158000,2,255.000000,127.500000,0.075,0.001,0.005,0.513,0.173,0.105
341,734540.699300000094809,2575188.005200000014156,735540.699300000094809,2574188.005200000014156,10,11,0.999,103,9966189.000000,103,103,21071.629000,32,7395.000000,231.093750,2.109,0.040,0.058,0.929,0.342,0.225
342,734540.699300000094809,2574188.005200000014156,735540.699300000094809,2573188.005200000014156,11,11,0.999,8,939900.000000,8,8,1464.212000,3,510.000000,170.000000,0.147,0.003,0.005,0.684,0.231,0.140
343,734540.699300000094809,2573188.005200000014156,735540.699300000094809,2572188.005200000014156,12,11,0.424,,,,,,1,0.000000,0.000000,0.000,0.000,,0.000,,
366,735540.699300000094809,2580188.005200000014156,736540.699300000094809,2579188.005200000014156,5,12,0.011,,,,,,1,0.000000,0.000000,0.000,0.000,,0.000,,
367,735540.699300000094809,2579188.005200000014156,736540.699300000094809,2578188.005200000014156,6,12,0.871,58,4961099.000000,58,58,14185.172000,25,6120.000000,244.800000,1.629,0.031,0.033,0.985,0.350,0.223
368,735540.699300000094809,2578188.005200000014156,736540.699300000094809,2577188.005200000014156,7,12,0.999,263,23675063.000000,263,263,49613.448000,111,20400.000000,183.783784,4.966,0.093,0.149,0.739,0.327,0.245
369,735540.699300000094809,2577188.005200000014156,736540.699300000094809,2576188.005200000014156,8,12,0.999,113,10033327.000000,113,113,13584.340000,39,5610.000000,143.846154,1.360,0.026,0.064,0.579,0.223,0.152
370,735540.699300000094809,2576188.005200000014156,736540.699300000094809,2575188.005200000014156,9,12,0.999,78,7679448.000000,78,78,30857.372000,17,3315.000000,195.000000,3.089,0.058,0.044,0.784,0.295,0.198
371,735540.699300000094809,2575188.005200000014156,736540.699300000094809,2574188.005200000014156,10,12,0.999,156,14062482.000000,156,156,52259.552000,40,5100.000000,127.500000,5.231,0.098,0.088,0.513,0.233,0.177
372,735540.699300000094809,2574188.005200000014156,736540.699300000094809,2573188.005200000014156,11,12,0.999,,,,,,1,0.000000,0.000000,0.000,0.000,,0.000,,
373,735540.699300000094809,2573188.005200000014156,736540.699300000094809,2572188.005200000014156,12,12,0.166,,,,,,1,0.000000,0.000000,0.000,0.000,,0.000,,
374,735540.699300000094809,2572188.005200000014156,736540.699300000094809,2571188.005200000014156,13,12,0.009,,,,,,1,0.000000,0.000000,0.000,0.000,,0.000,,
375,735540.699300000094809,2571188.005200000014156,736540.699300000094809,2570188.005200000014156,14,12,0.037,,,,,,1,0.000000,0.000000,0.000,0.000,,0.000,,
396,736540.699300000094809,2580188.005200000014156,737540.699300000094809,2579188.005200000014156,5,13,0.201,17,1745293.000000,17,17,2224.783000,13,3060.000000,235.384615,1.107,0.021,0.010,0.947,0.326,0.202
397,736540.699300000094809,2579188.005200000014156,737540.699300000094809,2578188.005200000014156,6,13,0.617,76,7426714.000000,76,76,16745.981000,33,7905.000000,239.545455,2.714,0.051,0.043,0.963,0.352,0.230
398,736540.699300000094809,2578188.005200000014156,737540.699300000094809,2577188.005200000014156,7,13,0.984,274,25497228.000000,274,274,69237.724000,129,21930.000000,170.000000,7.036,0.132,0.155,0.684,0.324,0.252
399,736540.699300000094809,2577188.005200000014156,737540.699300000094809,2576188.005200000014156,8,13,0.999,310,29224258.000000,310,310,50109.403000,103,15300.000000,148.543689,5.016,0.094,0.175,0.597,0.289,0.227
400,736540.699300000094809,2576188.005200000014156,737540.699300000094809,2575188.005200000014156,9,13,0.999,326,30597860.000000,326,326,60183.879000,98,18105.000000,184.744898,6.024,0.113,0.184,0.743,0.347,0.267
401,736540.699300000094809,2575188.005200000014156,737540.699300000094809,2574188.005200000014156,10,13,0.999,156,14049727.000000,156,156,33280.696000,55,8925.000000,162.272727,3.331,0.063,0.088,0.653,0.268,0.191
402,736540.699300000094809,2574188.005200000014156,737540.699300000094809,2573188.005200000014156,11,13,0.987,,,,,,1,0.000000,0.000000,0.000,0.000,,0.000,,
403,736540.699300000094809,2573188.005200000014156,737540.699300000094809,2572188.005200000014156,12,13,0.552,,,,,,1,0.000000,0.000000,0.000,0.000,,0.000,,
404,736540.699300000094809,2572188.005200000014156,737540.699300000094809,2571188.005200000014156,13,13,0.893,116,10749177.000000,116,116,13241.945000,24,2295.000000,95.625000,1.483,0.028,0.065,0.385,0.159,0.114
405,736540.699300000094809,2571188.005200000014156,737540.699300000094809,2570188.005200000014156,14,13,0.483,66,6127077.000000,66,66,6619.218000,15,2805.000000,187.000000,1.370,0.026,0.037,0.752,0.272,0.176
425,737540.699300000094809,2581188.005200000014156,738540.699300000094809,2580188.005200000014156,4,14,0.061,4,381641.000000,4,4,1545.884000,3,510.000000,170.000000,2.534,0.048,0.002,0.684,0.245,0.157
426,737540.699300000094809,2580188.005200000014156,738540.699300000094809,2579188.005200000014156,5,14,0.249,36,3101822.000000,36,36,8314.898000,17,4080.000000,240.000000,3.339,0.063,0.020,0.965,0.349,0.226
428,737540.699300000094809,2578188.005200000014156,738540.699300000094809,2577188.005200000014156,7,14,0.647,56,4912121.000000,56,56,15591.344000,29,4590.000000,158.275862,2.410,0.045,0.032,0.637,0.238,0.158
429,737540.699300000094809,2577188.005200000014156,738540.699300000094809,2576188.005200000014156,8,14,0.999,334,31486812.000000,334,334,90981.493000,134,25245.000000,188.395522,9.107,0.171,0.189,0.758,0.373,0.296
430,737540.699300000094809,2576188.005200000014156,738540.699300000094809,2575188.005200000014156,9,14,0.999,470,41346488.000000,470,470,95266.143000,150,18870.000000,125.800000,9.536,0.179,0.265,0.506,0.317,0.279
431,737540.699300000094809,2575188.005200000014156,738540.699300000094809,2574188.005200000014156,10,14,0.999,16,1406618.000000,16,16,2504.407000,5,1020.000000,204.000000,0.251,0.005,0.009,0.821,0.278,0.170
432,737540.699300000094809,2574188.005200000014156,738540.699300000094809,2573188.005200000014156,11,14,0.999,,,,,,1,0.000000,0.000000,0.000,0.000,,0.000,,
433,737540.699300000094809,2573188.005200000014156,738540.699300000094809,2572188.005200000014156,12,14,0.999,,,,,,1,0.000000,0.000000,0.000,0.000,,0.000,,
434,737540.699300000094809,2572188.005200000014156,738540.699300000094809,2571188.005200000014156,13,14,0.999,,,,,,1,0.000000,0.000000,0.000,0.000,,0.000,,
435,737540.699300000094809,2571188.005200000014156,738540.699300000094809,2570188.005200000014156,14,14,0.247,,,,,,1,0.000000,0.000000,0.000,0.000,,0.000,,
454,738540.699300000094809,2582188.005200000014156,739540.699300000094809,2581188.005200000014156,3,15,0.508,18,1596326.000000,18,18,1546.133000,1,0.000000,0.000000,0.304,0.006,0.010,0.000,0.005,0.006
455,738540.699300000094809,2581188.005200000014156,739540.699300000094809,2580188.005200000014156,4,15,0.944,59,5258662.000000,59,59,15235.130000,21,5100.000000,242.857143,1.614,0.030,0.033,0.977,0.347,0.221
456,738540.699300000094809,2580188.005200000014156,739540.699300000094809,2579188.005200000014156,5,15,0.990,193,17492170.000000,193,193,47487.259000,148,30600.000000,206.756757,4.797,0.090,0.109,0.832,0.344,0.246
457,738540.699300000094809,2579188.005200000014156,739540.699300000094809,2578188.005200000014156,6,15,0.615,176,15774004.000000,176,176,51119.620000,98,11730.000000,119.693878,8.312,0.156,0.099,0.481,0.245,0.198
458,738540.699300000094809,2578188.005200000014156,739540.699300000094809,2577188.005200000014156,7,15,0.970,61,5641388.000000,61,61,6760.669000,59,8925.000000,151.271186,0.697,0.013,0.034,0.608,0.218,0.140
459,738540.699300000094809,2577188.005200000014156,739540.699300000094809,2576188.005200000014156,8,15,0.999,356,33190296.000000,356,356,100001.049000,101,11220.000000,111.089109,10.010,0.188,0.201,0.447,0.279,0.245
460,738540.699300000094809,2576188.005200000014156,739540.699300000094809,2575188.005200000014156,9,15,0.999,1207,110977538.000000,1207,1207,399124.623000,370,19890.000000,53.756757,39.952,0.752,0.682,0.216,0.550,0.617
461,738540.699300000094809,2575188.005200000014156,739540.699300000094809,2574188.005200000014156,10,15,0.999,816,75830793.000000,816,816,278664.192000,272,5865.000000,21.562500,27.894,0.525,0.461,0.087,0.358,0.412
462,738540.699300000094809,2574188.005200000014156,739540.699300000094809,2573188.005200000014156,11,15,0.999,,,,,,1,0.000000,0.000000,0.000,0.000,,0.000,,
463,738540.699300000094809,2573188.005200000014156,739540.699300000094809,2572188.005200000014156,12,15,0.999,,,,,,1,0.000000,0.000000,0.000,0.000,,0.000,,
464,738540.699300000094809,2572188.005200000014156,739540.699300000094809,2571188.005200000014156,13,15,0.999,1,74019.000000,1,1,88.347000,1,0.000000,0.000000,0.009,0.000,0.001,0.000,0.000,0.000
465,738540.699300000094809,2571188.005200000014156,739540.699300000094809,2570188.005200000014156,14,15,0.837,121,11149736.000000,121,121,19940.310000,22,4335.000000,197.045455,2.382,0.045,0.068,0.793,0.302,0.204
466,738540.699300000094809,2570188.005200000014156,739540.699300000094809,2569188.005200000014156,15,15,0.719,50,4511341.000000,50,50,22347.873000,14,3315.000000,236.785714,3.108,0.058,0.028,0.952,0.346,0.225
467,738540.699300000094809,2569188.005200000014156,739540.699300000094809,2568188.005200000014156,16,15,0.368,58,5170238.000000,58,58,25257.625000,20,4590.000000,229.500000,6.863,0.129,0.033,0.923,0.362,0.249
468,738540.699300000094809,2568188.005200000014156,739540.699300000094809,2567188.005200000014156,17,15,0.398,116,11005215.000000,116,116,21697.097000,44,8415.000000,191.250000,5.452,0.103,0.065,0.769,0.312,0.221
469,738540.699300000094809,2567188.005200000014156,739540.699300000094809,2566188.005200000014156,18,15,0.619,322,29618877.000000,322,322,44882.639000,98,22185.000000,226.377551,7.251,0.136,0.182,0.911,0.410,0.309
470,738540.699300000094809,2566188.005200000014156,739540.699300000094809,2565188.005200000014156,19,15,0.003,2,204383.000000,2,2,232.451000,3,510.000000,170.000000,7.748,0.146,0.001,0.684,0.277,0.196
483,739540.699300000094809,2583188.005200000014156,740540.699300000094809,2582188.005200000014156,2,16,0.036,12,1371062.000000,12,12,1228.529000,7,1530.000000,218.571429,3.413,0.064,0.007,0.879,0.317,0.204
484,739540.699300000094809,2582188.005200000014156,740540.699300000094809,2581188.005200000014156,3,16,0.981,22,2112036.000000,22,22,2613.988000,12,2805.000000,233.750000,0.266,0.005,0.012,0.940,0.319,0.195
485,739540.699300000094809,2581188.005200000014156,740540.699300000094809,2580188.005200000014156,4,16,0.999,211,19111181.000000,211,211,31474.378000,67,11730.000000,175.074627,3.151,0.059,0.119,0.704,0.294,0.212
486,739540.699300000094809,2580188.005200000014156,740540.699300000094809,2579188.005200000014156,5,16,0.999,656,59965580.000000,656,656,116547.550000,199,19125.000000,96.105528,11.666,0.219,0.370,0.387,0.325,0.313
487,739540.699300000094809,2579188.005200000014156,740540.699300000094809,2578188.005200000014156,6,16,0.999,1445,134140372.000000,1445,1445,280138.140000,558,29070.000000,52.096774,28.042,0.528,0.816,0.210,0.518,0.580
488,739540.699300000094809,2578188.005200000014156,740540.699300000094809,2577188.005200000014156,7,16,0.999,147,13520780.000000,147,147,25434.560000,65,8160.000000,125.538462,2.546,0.048,0.083,0.505,0.212,0.153
489,739540.699300000094809,2577188.005200000014156,740540.699300000094809,2576188.005200000014156,8,16,0.999,537,50791856.000000,537,537,113779.373000,181,20400.000000,112.707182,11.389,0.214,0.303,0.453,0.323,0.297
490,739540.699300000094809,2576188.005200000014156,740540.699300000094809,2575188.005200000014156,9,16,0.999,383,35060247.000000,383,383,105951.702000,96,8160.000000,85.000000,10.606,0.200,0.216,0.342,0.253,0.235
491,739540.699300000094809,2575188.005200000014156,740540.699300000094809,2574188.005200000014156,10,16,0.999,251,22116846.000000,251,251,81180.424000,89,4590.000000,51.573034,8.126,0.153,0.142,0.207,0.167,0.159
492,739540.699300000094809,2574188.005200000014156,740540.699300000094809,2573188.005200000014156,11,16,0.999,,,,,,1,0.000000,0.000000,0.000,0.000,,0.000,,
493,739540.699300000094809,2573188.005200000014156,740540.699300000094809,2572188.005200000014156,12,16,0.999,,,,,,1,0.000000,0.000000,0.000,0.000,,0.000,,
494,739540.699300000094809,2572188.005200000014156,740540.699300000094809,2571188.005200000014156,13,16,0.999,2,173833.000000,2,2,65.527000,1,0.000000,0.000000,0.007,0.000,0.001,0.000,0.000,0.000
495,739540.699300000094809,2571188.005200000014156,740540.699300000094809,2570188.005200000014156,14,16,0.999,108,10147062.000000,108,108,14734.115000,28,5865.000000,209.464286,1.475,0.028,0.061,0.842,0.310,0.204
496,739540.699300000094809,2570188.005200000014156,740540.699300000094809,2569188.005200000014156,15,16,0.999,164,14547334.000000,164,164,36896.391000,58,13005.000000,224.224138,3.693,0.069,0.093,0.902,0.355,0.245
497,739540.699300000094809,2569188.005200000014156,740540.699300000094809,2568188.005200000014156,16,16,0.999,29,2852784.000000,29,29,3643.424000,5,1020.000000,204.000000,0.365,0.007,0.016,0.821,0.281,0.173
498,739540.699300000094809,2568188.005200000014156,740540.699300000094809,2567188.005200000014156,17,16,0.999,321,29279475.000000,321,321,56759.027000,72,12750.000000,177.083333,5.682,0.107,0.181,0.712,0.333,0.258
499,739540.699300000094809,2567188.005200000014156,740540.699300000094809,2566188.005200000014156,18,16,0.999,767,69467507.000000,767,767,119893.173000,195,36210.000000,185.692308,12.001,0.226,0.433,0.747,0.469,0.413
500,739540.699300000094809,2566188.005200000014156,740540.699300000094809,2565188.005200000014156,19,16,0.208,44,4136337.000000,44,44,4450.439000,9,2040.000000,226.666667,2.140,0.040,0.025,0.912,0.326,0.208
513,740540.699300000094809,2583188.005200000014156,741540.699300000094809,2582188.005200000014156,2,17,0.147,3,250851.000000,3,3,117.417000,1,0.000000,0.000000,0.080,0.002,0.002,0.000,0.001,0.002
514,740540.699300000094809,2582188.005200000014156,741540.699300000094809,2581188.005200000014156,3,17,0.956,26,2449345.000000,26,26,2103.276000,12,2805.000000,233.750000,0.220,0.004,0.015,0.940,0.320,0.196
515,740540.699300000094809,2581188.005200000014156,741540.699300000094809,2580188.005200000014156,4,17,0.999,32,2964510.000000,32,32,29284.930000,28,6375.000000,227.678571,2.931,0.055,0.018,0.916,0.330,0.212
516,740540.699300000094809,2580188.005200000014156,741540.699300000094809,2579188.005200000014156,5,17,0.999,601,54734410.000000,601,601,169161.797000,186,26520.000000,142.580645,16.933,0.319,0.339,0.573,0.410,0.378
517,740540.699300000094809,2579188.005200000014156,741540.699300000094809,2578188.005200000014156,6,17,0.999,330,30316195.000000,330,330,83096.268000,106,14025.000000,132.311321,8.318,0.156,0.186,0.532,0.291,0.243
518,740540.699300000094809,2578188.005200000014156,741540.699300000094809,2577188.005200000014156,7,17,0.999,250,23578652.000000,250,250,71310.395000,126,23460.000000,186.190476,7.138,0.134,0.141,0.749,0.341,0.260
519,740540.699300000094809,2577188.005200000014156,741540.699300000094809,2576188.005200000014156,8,17,0.999,591,56683308.000000,591,591,234353.242000,475,24225.000000,51.000000,23.459,0.441,0.334,0.205,0.327,0.351
520,740540.699300000094809,2576188.005200000014156,741540.699300000094809,2575188.005200000014156,9,17,0.999,186,17790930.000000,186,186,76571.973000,72,7905.000000,109.791667,7.665,0.144,0.105,0.442,0.230,0.188
521,740540.699300000094809,2575188.005200000014156,741540.699300000094809,2574188.005200000014156,10,17,0.999,,,,,,1,0.000000,0.000000,0.000,0.000,,0.000,,
522,740540.699300000094809,2574188.005200000014156,741540.699300000094809,2573188.005200000014156,11,17,0.999,,,,,,1,0.000000,0.000000,0.000,0.000,,0.000,,
523,740540.699300000094809,2573188.005200000014156,741540.699300000094809,2572188.005200000014156,12,17,0.999,,,,,,1,0.000000,0.000000,0.000,0.000,,0.000,,
524,740540.699300000094809,2572188.005200000014156,741540.699300000094809,2571188.005200000014156,13,17,0.999,5,417481.000000,5,5,180.595000,1,0.000000,0.000000,0.018,0.000,0.003,0.000,0.001,0.001
525,740540.699300000094809,2571188.005200000014156,741540.699300000094809,2570188.005200000014156,14,17,0.999,1,21250.000000,1,1,44.412000,1,0.000000,0.000000,0.004,0.000,0.001,0.000,0.000,0.000
526,740540.699300000094809,2570188.005200000014156,741540.699300000094809,2569188.005200000014156,15,17,0.999,254,22687771.000000,254,254,27726.836000,62,10710.000000,172.741935,2.775,0.052,0.143,0.695,0.297,0.217
527,740540.699300000094809,2569188.005200000014156,741540.699300000094809,2568188.005200000014156,16,17,0.999,104,9493561.000000,104,104,21034.525000,32,7140.000000,223.125000,2.106,0.040,0.059,0.897,0.332,0.219
528,740540.699300000094809,2568188.005200000014156,741540.699300000094809,2567188.005200000014156,17,17,0.999,402,37099898.000000,402,402,81955.573000,114,20400.000000,178.947368,8.204,0.154,0.227,0.720,0.367,0.296
529,740540.699300000094809,2567188.005200000014156,741540.699300000094809,2566188.005200000014156,18,17,0.369,321,29476872.000000,321,321,53616.183000,97,19380.000000,199.793814,14.530,0.273,0.181,0.804,0.419,0.342
530,740540.699300000094809,2566188.005200000014156,741540.699300000094809,2565188.005200000014156,19,17,0.002,1,118755.000000,1,1,53.783000,1,0.000000,0.000000,2.689,0.051,0.001,0.000,0.017,0.021
544,741540.699300000094809,2582188.005200000014156,742540.699300000094809,2581188.005200000014156,3,18,0.056,,,,,,1,0.000000,0.000000,0.000,0.000,,0.000,,
545,741540.699300000094809,2581188.005200000014156,742540.699300000094809,2580188.005200000014156,4,18,0.384,28,2367169.000000,28,28,32774.865000,20,4590.000000,229.500000,8.535,0.161,0.016,0.923,0.367,0.255
546,741540.699300000094809,2580188.005200000014156,742540.699300000094809,2579188.005200000014156,5,18,0.840,46,4478567.000000,46,46,45337.145000,37,8160.000000,220.540541,5.397,0.102,0.026,0.887,0.338,0.229
547,741540.699300000094809,2579188.005200000014156,742540.699300000094809,2578188.005200000014156,6,18,0.999,308,29105100.000000,308,308,53678.090000,82,16320.000000,199.024390,5.373,0.101,0.174,0.801,0.359,0.270
548,741540.699300000094809,2578188.005200000014156,742540.699300000094809,2577188.005200000014156,7,18,0.999,241,22864013.000000,241,241,63640.975000,103,18870.000000,183.203883,6.370,0.120,0.136,0.737,0.331,0.250
549,741540.699300000094809,2577188.005200000014156,742540.699300000094809,2576188.005200000014156,8,18,0.999,199,18085565.000000,199,199,86906.193000,179,15045.000000,84.050279,8.699,0.164,0.112,0.338,0.205,0.178
550,741540.699300000094809,2576188.005200000014156,742540.699300000094809,2575188.005200000014156,9,18,0.999,661,60041055.000000,661,661,202058.054000,347,22185.000000,63.933718,20.226,0.381,0.373,0.257,0.337,0.353
551,741540.699300000094809,2575188.005200000014156,742540.699300000094809,2574188.005200000014156,10,18,0.999,450,43476674.000000,450,450,83926.057000,122,20400.000000,167.213115,8.401,0.158,0.254,0.673,0.362,0.299
552,741540.699300000094809,2574188.005200000014156,742540.699300000094809,2573188.005200000014156,11,18,0.999,468,43983821.000000,468,468,60380.180000,56,3060.000000,54.642857,6.044,0.114,0.264,0.220,0.199,0.195
553,741540.699300000094809,2573188.005200000014156,742540.699300000094809,2572188.005200000014156,12,18,0.999,3,425449.000000,3,3,68.630000,1,0.000000,0.000000,0.007,0.000,0.002,0.000,0.001,0.001
554,741540.699300000094809,2572188.005200000014156,742540.699300000094809,2571188.005200000014156,13,18,0.999,16,1422664.000000,16,16,1388.351000,5,1020.000000,204.000000,0.139,0.003,0.009,0.821,0.278,0.169
555,741540.699300000094809,2571188.005200000014156,742540.699300000094809,2570188.005200000014156,14,18,0.999,12,1197128.000000,12,12,594.722000,2,255.000000,127.500000,0.060,0.001,0.007,0.513,0.174,0.106
556,741540.699300000094809,2570188.005200000014156,742540.699300000094809,2569188.005200000014156,15,18,0.999,37,3408034.000000,37,37,3023.923000,17,4080.000000,240.000000,0.303,0.006,0.021,0.965,0.331,0.204
557,741540.699300000094809,2569188.005200000014156,742540.699300000094809,2568188.005200000014156,16,18,0.999,682,63134074.000000,682,682,88001.814000,163,26520.000000,162.699387,8.809,0.166,0.385,0.654,0.402,0.351
558,741540.699300000094809,2568188.005200000014156,742540.699300000094809,2567188.005200000014156,17,18,0.999,414,36477825.000000,414,414,60570.828000,115,22440.000000,195.130435,6.063,0.114,0.234,0.785,0.378,0.296
559,741540.699300000094809,2567188.005200000014156,742540.699300000094809,2566188.005200000014156,18,18,0.168,42,3531641.000000,42,42,5220.343000,10,2295.000000,229.500000,3.107,0.058,0.024,0.923,0.335,0.217
563,741540.699300000094809,2563188.005200000014156,742540.699300000094809,2562188.005200000014156,22,18,0.059,,,,,,1,0.000000,0.000000,0.000,0.000,,0.000,,
564,741540.699300000094809,2562188.005200000014156,742540.699300000094809,2561188.005200000014156,23,18,0.177,,,,,,1,0.000000,0.000000,0.000,0.000,,0.000,,
565,741540.699300000094809,2561188.005200000014156,742540.699300000094809,2560188.005200000014156,24,18,0.163,,,,,,1,0.000000,0.000000,0.000,0.000,,0.000,,
575,742540.699300000094809,2581188.005200000014156,743540.699300000094809,2580188.005200000014156,4,19,0.002,,,,,,1,0.000000,0.000000,0.000,0.000,,0.000,,
576,742540.699300000094809,2580188.005200000014156,743540.699300000094809,2579188.005200000014156,5,19,0.690,135,12041549.000000,135,135,74323.345000,73,14535.000000,199.109589,10.771,0.203,0.076,0.801,0.360,0.272
577,742540.699300000094809,2579188.005200000014156,743540.699300000094809,2578188.005200000014156,6,19,0.999,492,45127401.000000,492,492,123681.342000,196,35445.000000,180.841837,12.381,0.233,0.278,0.727,0.413,0.350
578,742540.699300000094809,2578188.005200000014156,743540.699300000094809,2577188.005200000014156,7,19,0.999,336,30127006.000000,336,336,68919.246000,127,21930.000000,172.677165,6.899,0.130,0.190,0.695,0.338,0.267
579,742540.699300000094809,2577188.005200000014156,743540.699300000094809,2576188.005200000014156,8,19,0.999,363,34721524.000000,363,363,156028.772000,319,13770.000000,43.166144,15.618,0.294,0.205,0.174,0.224,0.234
580,742540.699300000094809,2576188.005200000014156,743540.699300000094809,2575188.005200000014156,9,19,0.999,1093,101717116.000000,1093,1093,256652.725000,378,30090.000000,79.603175,25.691,0.483,0.617,0.320,0.473,0.504
581,742540.699300000094809,2575188.005200000014156,743540.699300000094809,2574188.005200000014156,10,19,0.999,847,77963938.000000,847,847,228026.495000,246,20145.000000,81.890244,22.825,0.429,0.478,0.329,0.412,0.429
582,742540.699300000094809,2574188.005200000014156,743540.699300000094809,2573188.005200000014156,11,19,0.999,23,2219114.000000,23,23,4707.528000,7,1530.000000,218.571429,0.471,0.009,0.013,0.879,0.300,0.185
583,742540.699300000094809,2573188.005200000014156,743540.699300000094809,2572188.005200000014156,12,19,0.999,11,934990.000000,11,11,1410.043000,1,0.000000,0.000000,0.141,0.003,0.006,0.000,0.003,0.004
584,742540.699300000094809,2572188.005200000014156,743540.699300000094809,2571188.005200000014156,13,19,0.999,75,7084111.000000,75,75,19731.488000,15,3315.000000,221.000000,1.975,0.037,0.042,0.889,0.323,0.209
585,742540.699300000094809,2571188.005200000014156,743540.699300000094809,2570188.005200000014156,14,19,0.999,124,11315259.000000,124,124,19116.861000,38,7905.000000,208.026316,1.914,0.036,0.070,0.837,0.314,0.210
586,742540.699300000094809,2570188.005200000014156,743540.699300000094809,2569188.005200000014156,15,19,0.999,496,46295850.000000,496,496,58203.354000,137,22695.000000,165.656934,5.826,0.110,0.280,0.666,0.352,0.289
587,742540.699300000094809,2569188.005200000014156,743540.699300000094809,2568188.005200000014156,16,19,0.999,78,6740312.000000,78,78,29867.389000,47,11475.000000,244.148936,2.990,0.056,0.044,0.982,0.361,0.236
588,742540.699300000094809,2568188.005200000014156,743540.699300000094809,2567188.005200000014156,17,19,0.999,65,6121064.000000,65,65,9944.909000,18,4335.000000,240.833333,0.995,0.019,0.037,0.969,0.342,0.216
589,742540.699300000094809,2567188.005200000014156,743540.699300000094809,2566188.005200000014156,18,19,0.718,53,4795566.000000,53,53,12338.106000,13,2805.000000,215.769231,1.718,0.032,0.030,0.868,0.310,0.198
590,742540.699300000094809,2566188.005200000014156,743540.699300000094809,2565188.005200000014156,19,19,0.762,17,1546075.000000,17,17,9004.367000,11,2040.000000,185.454545,1.182,0.022,0.010,0.746,0.259,0.162
591,742540.699300000094809,2565188.005200000014156,743540.699300000094809,2564188.005200000014156,20,19,0.423,8,900486.000000,8,8,872.059000,2,255.000000,127.500000,0.206,0.004,0.005,0.513,0.174,0.106
592,742540.699300000094809,2564188.005200000014156,743540.699300000094809,2563188.005200000014156,21,19,0.420,2,175989.000000,2,2,145.697000,1,0.000000,0.000000,0.035,0.001,0.001,0.000,0.001,0.001
593,742540.699300000094809,2563188.005200000014156,743540.699300000094809,2562188.005200000014156,22,19,0.996,,,,,,1,0.000000,0.000000,0.000,0.000,,0.000,,
594,742540.699300000094809,2562188.005200000014156,743540.699300000094809,2561188.005200000014156,23,19,0.999,25,2802898.000000,25,25,1761.793000,6,1275.000000,212.500000,0.176,0.003,0.014,0.855,0.291,0.178
595,742540.699300000094809,2561188.005200000014156,743540.699300000094809,2560188.005200000014156,24,19,0.972,,,,,,1,0.000000,0.000000,0.000,0.000,,0.000,,
596,742540.699300000094809,2560188.005200000014156,743540.699300000094809,2559188.005200000014156,25,19,0.064,,,,,,1,0.000000,0.000000,0.000,0.000,,0.000,,
603,743540.699300000094809,2583188.005200000014156,744540.699300000094809,2582188.005200000014156,2,20,0.004,,,,,,1,0.000000,0.000000,0.000,0.000,,0.000,,
604,743540.699300000094809,2582188.005200000014156,744540.699300000094809,2581188.005200000014156,3,20,0.196,28,2696823.000000,28,28,7464.496000,15,3570.000000,238.000000,3.808,0.072,0.016,0.957,0.348,0.227
605,743540.699300000094809,2581188.005200000014156,744540.699300000094809,2580188.005200000014156,4,20,0.413,3,235015.000000,3,3,408.384000,3,510.000000,170.000000,0.099,0.002,0.002,0.684,0.229,0.138
606,743540.699300000094809,2580188.005200000014156,744540.699300000094809,2579188.005200000014156,5,20,0.999,204,19213171.000000,204,204,56395.986000,77,15045.000000,195.389610,5.645,0.106,0.115,0.786,0.336,0.246
607,743540.699300000094809,2579188.005200000014156,744540.699300000094809,2578188.005200000014156,6,20,0.999,241,22207870.000000,241,241,80256.890000,107,17595.000000,164.439252,8.034,0.151,0.136,0.661,0.316,0.247
608,743540.699300000094809,2578188.005200000014156,744540.699300000094809,2577188.005200000014156,7,20,0.999,278,26276359.000000,278,278,65550.838000,95,12495.000000,131.526316,6.562,0.123,0.157,0.529,0.270,0.218
609,743540.699300000094809,2577188.005200000014156,744540.699300000094809,2576188.005200000014156,8,20,0.999,374,34676217.000000,374,374,78478.850000,168,26265.000000,156.339286,7.856,0.148,0.211,0.629,0.329,0.269
610,743540.699300000094809,2576188.005200000014156,744540.699300000094809,2575188.005200000014156,9,20,0.999,1284,119396303.000000,1284,1284,340384.698000,252,19125.000000,75.892857,34.073,0.641,0.725,0.305,0.557,0.607
611,743540.699300000094809,2575188.005200000014156,744540.699300000094809,2574188.005200000014156,10,20,0.999,1156,107163195.000000,1156,1156,273316.183000,376,22440.000000,59.680851,27.359,0.515,0.653,0.240,0.469,0.515
612,743540.699300000094809,2574188.005200000014156,744540.699300000094809,2573188.005200000014156,11,20,0.999,7,882493.000000,7,7,1625.241000,7,1530.000000,218.571429,0.163,0.003,0.004,0.879,0.295,0.179
613,743540.699300000094809,2573188.005200000014156,744540.699300000094809,2572188.005200000014156,12,20,0.999,194,18593763.000000,194,194,49026.776000,75,11985.000000,159.800000,4.908,0.092,0.110,0.643,0.282,0.209
614,743540.699300000094809,2572188.005200000014156,744540.699300000094809,2571188.005200000014156,13,20,0.999,434,39307916.000000,434,434,124562.359000,209,39525.000000,189.114833,12.469,0.235,0.245,0.761,0.414,0.344
615,743540.699300000094809,2571188.005200000014156,744540.699300000094809,2570188.005200000014156,14,20,0.999,555,51953475.000000,555,555,120747.798000,253,39015.000000,154.209486,12.087,0.227,0.313,0.620,0.387,0.340
616,743540.699300000094809,2570188.005200000014156,744540.699300000094809,2569188.005200000014156,15,20,0.999,641,58575652.000000,641,641,123238.991000,169,23970.000000,141.834320,12.336,0.232,0.362,0.570,0.388,0.352
617,743540.699300000094809,2569188.005200000014156,744540.699300000094809,2568188.005200000014156,16,20,0.999,325,30065916.000000,325,325,56785.329000,66,11985.000000,181.590909,5.684,0.107,0.184,0.730,0.340,0.262
618,743540.699300000094809,2568188.005200000014156,744540.699300000094809,2567188.005200000014156,17,20,0.999,,,,,,1,0.000000,0.000000,0.000,0.000,,0.000,,
619,743540.699300000094809,2567188.005200000014156,744540.699300000094809,2566188.005200000014156,18,20,0.999,35,3068111.000000,35,35,3618.719000,5,1020.000000,204.000000,0.362,0.007,0.020,0.821,0.283,0.175
620,743540.699300000094809,2566188.005200000014156,744540.699300000094809,2565188.005200000014156,19,20,0.999,43,3869974.000000,43,43,14156.458000,17,4080.000000,240.000000,1.417,0.027,0.024,0.965,0.339,0.213
621,743540.699300000094809,2565188.005200000014156,744540.699300000094809,2564188.005200000014156,20,20,0.990,32,3236771.000000,32,32,8982.227000,23,2805.000000,121.956522,0.907,0.017,0.018,0.491,0.175,0.112
622,743540.699300000094809,2564188.005200000014156,744540.699300000094809,2563188.005200000014156,21,20,0.968,,,,,,1,0.000000,0.000000,0.000,0.000,,0.000,,
623,743540.699300000094809,2563188.005200000014156,744540.699300000094809,2562188.005200000014156,22,20,0.999,106,9646065.000000,106,106,10522.974000,18,4080.000000,226.666667,1.053,0.020,0.060,0.912,0.331,0.214
624,743540.699300000094809,2562188.005200000014156,744540.699300000094809,2561188.005200000014156,23,20,0.999,5,408652.000000,5,5,189.796000,1,0.000000,0.000000,0.019,0.000,0.003,0.000,0.001,0.001
625,743540.699300000094809,2561188.005200000014156,744540.699300000094809,2560188.005200000014156,24,20,0.999,,,,,,1,0.000000,0.000000,0.000,0.000,,0.000,,
626,743540.699300000094809,2560188.005200000014156,744540.699300000094809,2559188.005200000014156,25,20,0.215,,,,,,5,1020.000000,204.000000,0.000,0.000,,0.821,,
633,744540.699300000094809,2583188.005200000014156,745540.699300000094809,2582188.005200000014156,2,21,0.387,32,3411661.000000,32,32,6708.458000,15,3570.000000,238.000000,1.733,0.033,0.018,0.957,0.336,0.212
634,744540.699300000094809,2582188.005200000014156,745540.699300000094809,2581188.005200000014156,3,21,0.999,95,8387939.000000,95,95,27324.715000,41,8925.000000,217.682927,2.735,0.051,0.054,0.876,0.327,0.217
635,744540.699300000094809,2581188.005200000014156,745540.699300000094809,2580188.005200000014156,4,21,0.999,24,2200924.000000,24,24,3112.367000,3,255.000000,85.000000,0.312,0.006,0.014,0.342,0.121,0.076
636,744540.699300000094809,2580188.005200000014156,745540.699300000094809,2579188.005200000014156,5,21,0.999,883,82711489.000000,883,883,169577.778000,233,13005.000000,55.815451,16.975,0.319,0.499,0.224,0.347,0.372
637,744540.699300000094809,2579188.005200000014156,745540.699300000094809,2578188.005200000014156,6,21,0.999,1771,162279954.000000,1771,1771,385714.432000,418,9180.000000,21.961722,38.610,0.726,1.000,0.088,0.605,0.708
638,744540.699300000094809,2578188.005200000014156,745540.699300000094809,2577188.005200000014156,7,21,0.999,1194,107859767.000000,1194,1194,376244.494000,391,9690.000000,24.782609,37.662,0.709,0.674,0.100,0.494,0.573
639,744540.699300000094809,2577188.005200000014156,745540.699300000094809,2576188.005200000014156,8,21,0.999,728,66004064.000000,728,728,258246.402000,312,21675.000000,69.471154,25.850,0.486,0.411,0.279,0.392,0.415
640,744540.699300000094809,2576188.005200000014156,745540.699300000094809,2575188.005200000014156,9,21,0.999,1539,142441210.000000,1539,1539,483071.917000,338,8415.000000,24.896450,48.356,0.910,0.869,0.100,0.626,0.732
641,744540.699300000094809,2575188.005200000014156,745540.699300000094809,2574188.005200000014156,10,21,0.999,920,86143889.000000,920,920,442432.338000,228,16065.000000,70.460526,44.288,0.833,0.519,0.283,0.545,0.597
642,744540.699300000094809,2574188.005200000014156,745540.699300000094809,2573188.005200000014156,11,21,0.999,373,34440036.000000,373,373,209115.179000,167,13515.000000,80.928144,20.932,0.394,0.211,0.326,0.310,0.307
643,744540.699300000094809,2573188.005200000014156,745540.699300000094809,2572188.005200000014156,12,21,0.999,788,73999007.000000,788,788,193998.436000,294,37740.000000,128.367347,19.419,0.365,0.445,0.516,0.442,0.427
644,744540.699300000094809,2572188.005200000014156,745540.699300000094809,2571188.005200000014156,13,21,0.999,941,87407089.000000,941,941,261223.743000,386,48195.000000,124.857513,26.149,0.492,0.531,0.502,0.508,0.510
645,744540.699300000094809,2571188.005200000014156,745540.699300000094809,2570188.005200000014156,14,21,0.999,880,82703825.000000,880,880,202797.242000,464,61200.000000,131.896552,20.300,0.382,0.497,0.531,0.470,0.458
646,744540.699300000094809,2570188.005200000014156,745540.699300000094809,2569188.005200000014156,15,21,0.999,1021,95962248.000000,1021,1021,361298.866000,549,29325.000000,53.415301,36.166,0.680,0.577,0.215,0.491,0.546
647,744540.699300000094809,2569188.005200000014156,745540.699300000094809,2568188.005200000014156,16,21,0.999,852,77681973.000000,852,852,258893.567000,282,15045.000000,53.351064,25.915,0.488,0.481,0.215,0.395,0.431
648,744540.699300000094809,2568188.005200000014156,745540.699300000094809,2567188.005200000014156,17,21,0.999,5,556764.000000,5,5,437.028000,1,0.000000,0.000000,0.044,0.001,0.003,0.000,0.001,0.002
649,744540.699300000094809,2567188.005200000014156,745540.699300000094809,2566188.005200000014156,18,21,0.999,18,1796796.000000,18,18,2362.596000,12,2805.000000,233.750000,0.236,0.004,0.010,0.940,0.318,0.194
650,744540.699300000094809,2566188.005200000014156,745540.699300000094809,2565188.005200000014156,19,21,0.999,14,1197881.000000,14,14,2393.700000,4,510.000000,127.500000,0.240,0.005,0.008,0.513,0.175,0.108
651,744540.699300000094809,2565188.005200000014156,745540.699300000094809,2564188.005200000014156,20,21,0.999,4,465974.000000,4,4,102.786000,2,255.000000,127.500000,0.010,0.000,0.002,0.513,0.172,0.103
652,744540.699300000094809,2564188.005200000014156,745540.699300000094809,2563188.005200000014156,21,21,0.999,48,4448638.000000,48,48,4764.566000,8,1785.000000,223.125000,0.477,0.009,0.027,0.897,0.311,0.194
653,744540.699300000094809,2563188.005200000014156,745540.699300000094809,2562188.005200000014156,22,21,0.999,116,10080625.000000,116,116,20106.431000,29,6375.000000,219.827586,2.013,0.038,0.065,0.884,0.329,0.218
654,744540.699300000094809,2562188.005200000014156,745540.699300000094809,2561188.005200000014156,23,21,0.999,29,2428267.000000,29,29,2790.946000,4,765.000000,191.250000,0.279,0.005,0.016,0.769,0.263,0.162
655,744540.699300000094809,2561188.005200000014156,745540.699300000094809,2560188.005200000014156,24,21,0.999,3,147874.000000,3,3,210.448000,1,0.000000,0.000000,0.021,0.000,0.002,0.000,0.001,0.001
656,744540.699300000094809,2560188.005200000014156,745540.699300000094809,2559188.005200000014156,25,21,0.139,,,,,,1,0.000000,0.000000,0.000,0.000,,0.000,,
663,745540.699300000094809,2583188.005200000014156,746540.699300000094809,2582188.005200000014156,2,22,0.705,99,8615900.000000,99,99,23901.298000,30,6885.000000,229.500000,3.390,0.064,0.056,0.923,0.348,0.233
664,745540.699300000094809,2582188.005200000014156,746540.699300000094809,2581188.005200000014156,3,22,0.999,283,25836754.000000,283,283,75586.504000,83,12240.000000,147.469880,7.566,0.142,0.160,0.593,0.298,0.239
665,745540.699300000094809,2581188.005200000014156,746540.699300000094809,2580188.005200000014156,4,22,0.999,397,37028026.000000,397,397,83605.550000,111,18360.000000,165.405405,8.369,0.157,0.224,0.665,0.349,0.285
666,745540.699300000094809,2580188.005200000014156,746540.699300000094809,2579188.005200000014156,5,22,0.999,595,55160984.000000,595,595,175361.455000,185,15810.000000,85.459459,17.554,0.330,0.336,0.344,0.337,0.335
667,745540.699300000094809,2579188.005200000014156,746540.699300000094809,2578188.005200000014156,6,22,0.999,1396,129522077.000000,1396,1396,494513.344000,432,5100.000000,11.805556,49.501,0.931,0.788,0.047,0.589,0.697
668,745540.699300000094809,2578188.005200000014156,746540.699300000094809,2577188.005200000014156,7,22,0.999,941,85871522.000000,941,941,310283.289000,366,24480.000000,66.885246,31.059,0.584,0.531,0.269,0.461,0.500
669,745540.699300000094809,2577188.005200000014156,746540.699300000094809,2576188.005200000014156,8,22,0.999,700,60719256.000000,700,700,304958.891000,245,16065.000000,65.571429,30.526,0.574,0.395,0.264,0.411,0.440
670,745540.699300000094809,2576188.005200000014156,746540.699300000094809,2575188.005200000014156,9,22,0.999,934,83376156.000000,934,934,479461.230000,305,11220.000000,36.786885,47.994,0.903,0.527,0.148,0.526,0.602
671,745540.699300000094809,2575188.005200000014156,746540.699300000094809,2574188.005200000014156,10,22,0.999,710,66520329.000000,710,710,530974.225000,268,11220.000000,41.865672,53.151,1.000,0.401,0.168,0.523,0.594
672,745540.699300000094809,2574188.005200000014156,746540.699300000094809,2573188.005200000014156,11,22,0.999,640,58240411.000000,640,640,497606.058000,266,10710.000000,40.263158,49.810,0.937,0.361,0.162,0.487,0.552
673,745540.699300000094809,2573188.005200000014156,746540.699300000094809,2572188.005200000014156,12,22,0.999,410,36625683.000000,410,410,117111.141000,158,27285.000000,172.689873,11.723,0.221,0.232,0.695,0.383,0.320
674,745540.699300000094809,2572188.005200000014156,746540.699300000094809,2571188.005200000014156,13,22,0.999,697,63634213.000000,697,697,240146.451000,293,38760.000000,132.286689,24.039,0.452,0.394,0.532,0.459,0.445
675,745540.699300000094809,2571188.005200000014156,746540.699300000094809,2570188.005200000014156,14,22,0.999,863,78236421.000000,863,863,204617.074000,332,51000.000000,153.614458,20.482,0.385,0.487,0.618,0.497,0.472
676,745540.699300000094809,2570188.005200000014156,746540.699300000094809,2569188.005200000014156,15,22,0.999,598,54792887.000000,598,598,230186.309000,228,28560.000000,125.263158,23.042,0.434,0.338,0.504,0.425,0.410
677,745540.699300000094809,2569188.005200000014156,746540.699300000094809,2568188.005200000014156,16,22,0.999,63,5878905.000000,63,63,45812.971000,47,11475.000000,244.148936,4.586,0.086,0.036,0.982,0.368,0.245
678,745540.699300000094809,2568188.005200000014156,746540.699300000094809,2567188.005200000014156,17,22,0.999,11,1166079.000000,11,11,5160.239000,8,1785.000000,223.125000,0.517,0.010,0.006,0.897,0.304,0.186
679,745540.699300000094809,2567188.005200000014156,746540.699300000094809,2566188.005200000014156,18,22,0.999,81,6699529.000000,81,81,18684.194000,21,4845.000000,230.714286,1.870,0.035,0.046,0.928,0.336,0.218
680,745540.699300000094809,2566188.005200000014156,746540.699300000094809,2565188.005200000014156,19,22,0.999,181,16703590.000000,181,181,61908.880000,80,19890.000000,248.625000,6.197,0.117,0.102,1.000,0.406,0.288
681,745540.699300000094809,2565188.005200000014156,746540.699300000094809,2564188.005200000014156,20,22,0.999,327,31230848.000000,327,327,52047.564000,70,1530.000000,21.857143,5.210,0.098,0.185,0.088,0.124,0.131
682,745540.699300000094809,2564188.005200000014156,746540.699300000094809,2563188.005200000014156,21,22,0.999,105,9995355.000000,105,105,18028.447000,30,7140.000000,238.000000,1.805,0.034,0.059,0.957,0.350,0.229
683,745540.699300000094809,2563188.005200000014156,746540.699300000094809,2562188.005200000014156,22,22,0.999,108,9828704.000000,108,108,28900.707000,34,6885.000000,202.500000,2.893,0.054,0.061,0.814,0.310,0.209
684,745540.699300000094809,2562188.005200000014156,746540.699300000094809,2561188.005200000014156,23,22,0.999,50,4414797.000000,50,50,25393.329000,20,4845.000000,242.250000,2.542,0.048,0.028,0.974,0.350,0.225
685,745540.699300000094809,2561188.005200000014156,746540.699300000094809,2560188.005200000014156,24,22,0.999,23,2016794.000000,23,23,6927.805000,33,6885.000000,208.636364,0.693,0.013,0.013,0.839,0.288,0.178
686,745540.699300000094809,2560188.005200000014156,746540.699300000094809,2559188.005200000014156,25,22,0.432,,,,,,15,2805.000000,187.000000,0.000,0.000,,0.752,,
693,746540.699300000094809,2583188.005200000014156,747540.699300000094809,2582188.005200000014156,2,23,0.100,2,260872.000000,2,2,330.270000,2,255.000000,127.500000,0.330,0.006,0.001,0.513,0.173,0.105
694,746540.699300000094809,2582188.005200000014156,747540.699300000094809,2581188.005200000014156,3,23,0.457,12,1451274.000000,12,12,922.845000,3,510.000000,170.000000,0.202,0.004,0.007,0.684,0.232,0.141
695,746540.699300000094809,2581188.005200000014156,747540.699300000094809,2580188.005200000014156,4,23,0.666,137,13754763.000000,137,137,53890.644000,54,10200.000000,188.888889,8.092,0.152,0.077,0.760,0.330,0.244
696,746540.699300000094809,2580188.005200000014156,747540.699300000094809,2579188.005200000014156,5,23,0.999,494,46041400.000000,494,494,167010.148000,241,34425.000000,142.842324,16.718,0.315,0.279,0.575,0.390,0.353
697,746540.699300000094809,2579188.005200000014156,747540.699300000094809,2578188.005200000014156,6,23,0.999,664,60860767.000000,664,664,178872.316000,270,25755.000000,95.388889,17.905,0.337,0.375,0.384,0.365,0.362
698,746540.699300000094809,2578188.005200000014156,747540.699300000094809,2577188.005200000014156,7,23,0.999,1461,134129290.000000,1461,1461,402673.651000,565,16065.000000,28.433628,40.308,0.758,0.825,0.114,0.566,0.656
699,746540.699300000094809,2577188.005200000014156,747540.699300000094809,2576188.005200000014156,8,23,0.999,996,91733625.000000,996,996,335722.926000,454,32385.000000,71.332599,33.606,0.632,0.562,0.287,0.494,0.535
700,746540.699300000094809,2576188.005200000014156,747540.699300000094809,2575188.005200000014156,9,23,0.999,899,84236158.000000,899,899,252401.081000,332,36975.000000,111.370482,25.265,0.475,0.508,0.448,0.477,0.483
701,746540.699300000094809,2575188.005200000014156,747540.699300000094809,2574188.005200000014156,10,23,0.999,1054,98688837.000000,1054,1054,414024.440000,310,20910.000000,67.451613,41.444,0.780,0.595,0.271,0.549,0.604
702,746540.699300000094809,2574188.005200000014156,747540.699300000094809,2573188.005200000014156,11,23,0.999,1016,94942919.000000,1016,1016,416453.940000,363,15810.000000,43.553719,41.687,0.784,0.574,0.175,0.511,0.578
703,746540.699300000094809,2573188.005200000014156,747540.699300000094809,2572188.005200000014156,12,23,0.999,693,62450320.000000,693,693,194728.421000,234,37740.000000,161.282051,19.492,0.367,0.391,0.649,0.469,0.433
704,746540.699300000094809,2572188.005200000014156,747540.699300000094809,2571188.005200000014156,13,23,0.999,497,45107750.000000,497,497,193069.950000,212,28050.000000,132.311321,19.326,0.364,0.281,0.532,0.392,0.364
705,746540.699300000094809,2571188.005200000014156,747540.699300000094809,2570188.005200000014156,14,23,0.999,1015,91105475.000000,1015,1015,215191.825000,315,46665.000000,148.142857,21.541,0.405,0.573,0.596,0.525,0.510
706,746540.699300000094809,2570188.005200000014156,747540.699300000094809,2569188.005200000014156,15,23,0.999,893,81550806.000000,893,893,214725.625000,241,21930.000000,90.995851,21.494,0.404,0.504,0.366,0.425,0.436
707,746540.699300000094809,2569188.005200000014156,747540.699300000094809,2568188.005200000014156,16,23,0.999,524,48594321.000000,524,524,192672.960000,283,17850.000000,63.074205,19.287,0.363,0.296,0.254,0.304,0.314
708,746540.699300000094809,2568188.005200000014156,747540.699300000094809,2567188.005200000014156,17,23,0.999,544,48922163.000000,544,544,201270.254000,187,16830.000000,90.000000,20.147,0.379,0.307,0.362,0.349,0.347
709,746540.699300000094809,2567188.005200000014156,747540.699300000094809,2566188.005200000014156,18,23,0.999,336,30697152.000000,336,336,198332.285000,169,13515.000000,79.970414,19.853,0.374,0.190,0.322,0.295,0.290
710,746540.699300000094809,2566188.005200000014156,747540.699300000094809,2565188.005200000014156,19,23,0.999,858,78047180.000000,858,858,355445.763000,255,10455.000000,41.000000,35.580,0.669,0.484,0.165,0.439,0.494
711,746540.699300000094809,2565188.005200000014156,747540.699300000094809,2564188.005200000014156,20,23,0.999,646,60342231.000000,646,646,177718.742000,187,11985.000000,64.090909,17.790,0.335,0.365,0.258,0.319,0.332
712,746540.699300000094809,2564188.005200000014156,747540.699300000094809,2563188.005200000014156,21,23,0.999,1011,93799903.000000,1011,1011,263463.512000,429,22440.000000,52.307692,26.373,0.496,0.571,0.210,0.426,0.469
713,746540.699300000094809,2563188.005200000014156,747540.699300000094809,2562188.005200000014156,22,23,0.999,927,86660159.000000,927,927,163528.336000,266,23460.000000,88.195489,16.369,0.308,0.523,0.355,0.395,0.403
714,746540.699300000094809,2562188.005200000014156,747540.699300000094809,2561188.005200000014156,23,23,0.999,215,18361272.000000,215,215,64374.946000,98,17085.000000,174.336735,6.444,0.121,0.121,0.701,0.314,0.237
715,746540.699300000094809,2561188.005200000014156,747540.699300000094809,2560188.005200000014156,24,23,0.999,38,3724260.000000,38,38,11982.819000,32,6375.000000,199.218750,1.199,0.023,0.021,0.801,0.282,0.178
716,746540.699300000094809,2560188.005200000014156,747540.699300000094809,2559188.005200000014156,25,23,0.979,,,,,,26,5100.000000,196.153846,0.000,0.000,,0.789,,
717,746540.699300000094809,2559188.005200000014156,747540.699300000094809,2558188.005200000014156,26,23,0.134,,,,,,1,0.000000,0.000000,0.000,0.000,,0.000,,
725,747540.699300000094809,2581188.005200000014156,748540.699300000094809,2580188.005200000014156,4,24,0.302,17,1092786.000000,17,17,2197.592000,4,765.000000,191.250000,0.728,0.014,0.010,0.769,0.264,0.163
726,747540.699300000094809,2580188.005200000014156,748540.699300000094809,2579188.005200000014156,5,24,0.999,279,25247867.000000,279,279,119167.355000,249,40290.000000,161.807229,11.929,0.224,0.158,0.651,0.344,0.283
727,747540.699300000094809,2579188.005200000014156,748540.699300000094809,2578188.005200000014156,6,24,0.999,715,66319871.000000,715,715,233327.607000,351,25755.000000,73.376068,23.356,0.439,0.404,0.295,0.379,0.396
728,747540.699300000094809,2578188.005200000014156,748540.699300000094809,2577188.005200000014156,7,24,0.999,737,68761140.000000,737,737,307377.988000,509,19635.000000,38.575639,30.769,0.579,0.416,0.155,0.383,0.429
729,747540.699300000094809,2577188.005200000014156,748540.699300000094809,2576188.005200000014156,8,24,0.999,442,40508022.000000,442,442,209132.374000,238,33660.000000,141.428571,20.934,0.394,0.250,0.569,0.404,0.371
730,747540.699300000094809,2576188.005200000014156,748540.699300000094809,2575188.005200000014156,9,24,0.999,807,73320089.000000,807,807,301108.891000,324,15810.000000,48.796296,30.141,0.567,0.456,0.196,0.406,0.448
731,747540.699300000094809,2575188.005200000014156,748540.699300000094809,2574188.005200000014156,10,24,0.999,912,82626354.000000,912,912,502345.391000,494,17085.000000,34.585020,50.285,0.946,0.515,0.139,0.533,0.612
732,747540.699300000094809,2574188.005200000014156,748540.699300000094809,2573188.005200000014156,11,24,0.999,1116,100948319.000000,1116,1116,530345.143000,420,17850.000000,42.500000,53.088,0.999,0.630,0.171,0.600,0.686
733,747540.699300000094809,2573188.005200000014156,748540.699300000094809,2572188.005200000014156,12,24,0.999,624,57666211.000000,624,624,213879.148000,238,31875.000000,133.928571,21.409,0.403,0.352,0.539,0.431,0.410
734,747540.699300000094809,2572188.005200000014156,748540.699300000094809,2571188.005200000014156,13,24,0.999,192,18445222.000000,192,192,139845.919000,197,30090.000000,152.741117,13.999,0.263,0.108,0.614,0.328,0.271
735,747540.699300000094809,2571188.005200000014156,748540.699300000094809,2570188.005200000014156,14,24,0.999,867,76041048.000000,867,867,150005.722000,269,49215.000000,182.955390,15.016,0.283,0.490,0.736,0.503,0.456
736,747540.699300000094809,2570188.005200000014156,748540.699300000094809,2569188.005200000014156,15,24,0.999,738,66130126.000000,738,738,167829.014000,303,47175.000000,155.693069,16.800,0.316,0.417,0.626,0.453,0.418
737,747540.699300000094809,2569188.005200000014156,748540.699300000094809,2568188.005200000014156,16,24,0.999,338,30127715.000000,338,338,107831.281000,117,19890.000000,170.000000,10.794,0.203,0.191,0.684,0.359,0.294
738,747540.699300000094809,2568188.005200000014156,748540.699300000094809,2567188.005200000014156,17,24,0.999,598,55088668.000000,598,598,170932.060000,263,19890.000000,75.627376,17.110,0.322,0.338,0.304,0.321,0.325
739,747540.699300000094809,2567188.005200000014156,748540.699300000094809,2566188.005200000014156,18,24,0.999,428,40197360.000000,428,428,154957.148000,160,14535.000000,90.843750,15.511,0.292,0.242,0.365,0.300,0.287
740,747540.699300000094809,2566188.005200000014156,748540.699300000094809,2565188.005200000014156,19,24,0.999,758,67475125.000000,758,758,318539.330000,271,13770.000000,50.811808,31.886,0.600,0.428,0.204,0.411,0.452
741,747540.699300000094809,2565188.005200000014156,748540.699300000094809,2564188.005200000014156,20,24,0.999,1009,90295564.000000,1009,1009,292377.621000,274,11475.000000,41.879562,29.267,0.551,0.570,0.168,0.430,0.482
742,747540.699300000094809,2564188.005200000014156,748540.699300000094809,2563188.005200000014156,21,24,0.999,1391,128156715.000000,1391,1391,353263.281000,451,6120.000000,13.569845,35.362,0.665,0.785,0.055,0.502,0.591
743,747540.699300000094809,2563188.005200000014156,748540.699300000094809,2562188.005200000014156,22,24,0.999,406,37121437.000000,406,406,113827.306000,178,18870.000000,106.011236,11.394,0.214,0.229,0.426,0.290,0.262
744,747540.699300000094809,2562188.005200000014156,748540.699300000094809,2561188.005200000014156,23,24,0.999,41,3896479.000000,41,41,7510.468000,20,4590.000000,229.500000,0.752,0.014,0.023,0.923,0.320,0.199
745,747540.699300000094809,2561188.005200000014156,748540.699300000094809,2560188.005200000014156,24,24,0.999,,,,,,1,0.000000,0.000000,0.000,0.000,,0.000,,
746,747540.699300000094809,2560188.005200000014156,748540.699300000094809,2559188.005200000014156,25,24,0.999,,,,,,3,510.000000,170.000000,0.000,0.000,,0.684,,
747,747540.699300000094809,2559188.005200000014156,748540.699300000094809,2558188.005200000014156,26,24,0.916,,,,,,17,3315.000000,195.000000,0.000,0.000,,0.784,,
748,747540.699300000094809,2558188.005200000014156,748540.699300000094809,2557188.005200000014156,27,24,0.103,,,,,,5,1020.000000,204.000000,0.000,0.000,,0.821,,
754,748540.699300000094809,2582188.005200000014156,749540.699300000094809,2581188.005200000014156,3,25,0.054,,,,,,1,0.000000,0.000000,0.000,0.000,,0.000,,
755,748540.699300000094809,2581188.005200000014156,749540.699300000094809,2580188.005200000014156,4,25,0.835,152,13832723.000000,152,152,21641.728000,23,3315.000000,144.130435,2.592,0.049,0.086,0.580,0.238,0.170
756,748540.699300000094809,2580188.005200000014156,749540.699300000094809,2579188.005200000014156,5,25,0.999,309,27244010.000000,309,309,52079.852000,108,17340.000000,160.555556,5.213,0.098,0.174,0.646,0.306,0.238
757,748540.699300000094809,2579188.005200000014156,749540.699300000094809,2578188.005200000014156,6,25,0.999,364,34385547.000000,364,364,114703.427000,143,14280.000000,99.860140,11.482,0.216,0.206,0.402,0.275,0.249
758,748540.699300000094809,2578188.005200000014156,749540.699300000094809,2577188.005200000014156,7,25,0.999,245,23796986.000000,245,245,73655.463000,85,12240.000000,144.000000,7.373,0.139,0.138,0.579,0.285,0.227
759,748540.699300000094809,2577188.005200000014156,749540.699300000094809,2576188.005200000014156,8,25,0.999,342,30860710.000000,342,342,77539.145000,145,16830.000000,116.068966,7.762,0.146,0.193,0.467,0.269,0.229
760,748540.699300000094809,2576188.005200000014156,749540.699300000094809,2575188.005200000014156,9,25,0.999,1031,93699841.000000,1031,1031,388463.403000,299,6630.000000,22.173913,38.885,0.732,0.582,0.089,0.468,0.543
761,748540.699300000094809,2575188.005200000014156,749540.699300000094809,2574188.005200000014156,10,25,0.999,1075,99776851.000000,1075,1075,501361.790000,495,9180.000000,18.545455,50.186,0.944,0.607,0.075,0.542,0.635
762,748540.699300000094809,2574188.005200000014156,749540.699300000094809,2573188.005200000014156,11,25,0.999,1085,99447236.000000,1085,1085,452586.494000,361,14790.000000,40.969529,45.304,0.852,0.613,0.165,0.543,0.619
763,748540.699300000094809,2573188.005200000014156,749540.699300000094809,2572188.005200000014156,12,25,0.999,855,79746156.000000,855,855,255531.415000,354,37485.000000,105.889831,25.579,0.481,0.483,0.426,0.463,0.471
764,748540.699300000094809,2572188.005200000014156,749540.699300000094809,2571188.005200000014156,13,25,0.999,581,51509943.000000,581,581,293876.071000,329,37485.000000,113.936170,29.417,0.553,0.328,0.458,0.446,0.444
765,748540.699300000094809,2571188.005200000014156,749540.699300000094809,2570188.005200000014156,14,25,0.999,716,64974363.000000,716,716,233466.350000,357,38505.000000,107.857143,23.370,0.440,0.404,0.434,0.426,0.424
766,748540.699300000094809,2570188.005200000014156,749540.699300000094809,2569188.005200000014156,15,25,0.999,1227,111213710.000000,1227,1227,282422.904000,264,31620.000000,119.772727,28.271,0.532,0.693,0.482,0.569,0.586
767,748540.699300000094809,2569188.005200000014156,749540.699300000094809,2568188.005200000014156,16,25,0.999,1204,113072492.000000,1204,1204,309919.360000,187,21165.000000,113.181818,31.023,0.584,0.680,0.455,0.573,0.597
768,748540.699300000094809,2568188.005200000014156,749540.699300000094809,2567188.005200000014156,17,25,0.999,1148,106516003.000000,1148,1148,301403.618000,223,15555.000000,69.753363,30.171,0.568,0.648,0.281,0.499,0.543
769,748540.699300000094809,2567188.005200000014156,749540.699300000094809,2566188.005200000014156,18,25,0.999,886,79706150.000000,886,886,323487.836000,308,16065.000000,52.159091,32.381,0.609,0.500,0.210,0.440,0.486
770,748540.699300000094809,2566188.005200000014156,749540.699300000094809,2565188.005200000014156,19,25,0.999,513,46604493.000000,513,513,222395.064000,316,28560.000000,90.379747,22.262,0.419,0.290,0.364,0.358,0.356
771,748540.699300000094809,2565188.005200000014156,749540.699300000094809,2564188.005200000014156,20,25,0.999,368,31894425.000000,368,368,125470.680000,169,25245.000000,149.378698,12.560,0.236,0.208,0.601,0.348,0.298
772,748540.699300000094809,2564188.005200000014156,749540.699300000094809,2563188.005200000014156,21,25,0.999,497,46720112.000000,497,497,143159.025000,182,21675.000000,119.093407,14.330,0.270,0.281,0.479,0.343,0.316
773,748540.699300000094809,2563188.005200000014156,749540.699300000094809,2562188.005200000014156,22,25,0.999,150,13044593.000000,150,150,32239.116000,30,5865.000000,195.500000,3.227,0.061,0.085,0.786,0.311,0.216
774,748540.699300000094809,2562188.005200000014156,749540.699300000094809,2561188.005200000014156,23,25,0.999,74,6702370.000000,74,74,11603.364000,33,7140.000000,216.363636,1.161,0.022,0.042,0.870,0.311,0.200
775,748540.699300000094809,2561188.005200000014156,749540.699300000094809,2560188.005200000014156,24,25,0.999,,,,,,15,3570.000000,238.000000,0.000,0.000,,0.957,,
776,748540.699300000094809,2560188.005200000014156,749540.699300000094809,2559188.005200000014156,25,25,0.999,,,,,,19,4080.000000,214.736842,0.000,0.000,,0.864,,
777,748540.699300000094809,2559188.005200000014156,749540.699300000094809,2558188.005200000014156,26,25,0.799,,,,,,3,510.000000,170.000000,0.000,0.000,,0.684,,
778,748540.699300000094809,2558188.005200000014156,749540.699300000094809,2557188.005200000014156,27,25,0.092,,,,,,2,255.000000,127.500000,0.000,0.000,,0.513,,
784,749540.699300000094809,2582188.005200000014156,750540.699300000094809,2581188.005200000014156,3,26,0.210,7,785901.000000,7,7,588.068000,1,0.000000,0.000000,0.280,0.005,0.004,0.000,0.003,0.004
785,749540.699300000094809,2581188.005200000014156,750540.699300000094809,2580188.005200000014156,4,26,0.994,295,26942356.000000,295,295,25258.269000,42,9435.000000,224.642857,2.541,0.048,0.167,0.904,0.373,0.267
786,749540.699300000094809,2580188.005200000014156,750540.699300000094809,2579188.005200000014156,5,26,0.999,86,8419074.000000,86,86,12860.483000,23,5100.000000,221.739130,1.287,0.024,0.049,0.892,0.322,0.208
787,749540.699300000094809,2579188.005200000014156,750540.699300000094809,2578188.005200000014156,6,26,0.999,392,36463528.000000,392,392,49512.579000,74,12750.000000,172.297297,4.956,0.093,0.221,0.693,0.336,0.264
788,749540.699300000094809,2578188.005200000014156,750540.699300000094809,2577188.005200000014156,7,26,0.999,35,3288704.000000,35,35,4424.521000,12,2805.000000,233.750000,0.443,0.008,0.020,0.940,0.323,0.199
789,749540.699300000094809,2577188.005200000014156,750540.699300000094809,2576188.005200000014156,8,26,0.999,334,31233002.000000,334,334,110288.549000,152,23460.000000,154.342105,11.040,0.208,0.189,0.621,0.339,0.283
790,749540.699300000094809,2576188.005200000014156,750540.699300000094809,2575188.005200000014156,9,26,0.999,692,63916026.000000,692,692,313932.005000,140,4845.000000,34.607143,31.425,0.591,0.391,0.139,0.374,0.421
791,749540.699300000094809,2575188.005200000014156,750540.699300000094809,2574188.005200000014156,10,26,0.999,635,57739664.000000,635,635,285491.230000,162,18615.000000,114.907407,28.578,0.538,0.359,0.462,0.453,0.451
792,749540.699300000094809,2574188.005200000014156,750540.699300000094809,2573188.005200000014156,11,26,0.999,481,43142573.000000,481,481,162429.714000,195,33660.000000,172.615385,16.259,0.306,0.272,0.694,0.424,0.370
793,749540.699300000094809,2573188.005200000014156,750540.699300000094809,2572188.005200000014156,12,26,0.999,372,33690065.000000,372,372,68306.260000,154,29835.000000,193.733766,6.837,0.129,0.210,0.779,0.373,0.291
794,749540.699300000094809,2572188.005200000014156,750540.699300000094809,2571188.005200000014156,13,26,0.999,1213,110434365.000000,1213,1213,263995.678000,259,34425.000000,132.915058,26.426,0.497,0.685,0.535,0.572,0.580
795,749540.699300000094809,2571188.005200000014156,750540.699300000094809,2570188.005200000014156,14,26,0.999,302,28172059.000000,302,302,108329.031000,147,28305.000000,192.551020,10.844,0.204,0.171,0.774,0.383,0.305
796,749540.699300000094809,2570188.005200000014156,750540.699300000094809,2569188.005200000014156,15,26,0.999,655,61096825.000000,655,655,158979.501000,229,45390.000000,198.209607,15.914,0.299,0.370,0.797,0.489,0.427
797,749540.699300000094809,2569188.005200000014156,750540.699300000094809,2568188.005200000014156,16,26,0.999,606,55228424.000000,606,606,210498.236000,238,26265.000000,110.357143,21.071,0.396,0.342,0.444,0.394,0.384
798,749540.699300000094809,2568188.005200000014156,750540.699300000094809,2567188.005200000014156,17,26,0.999,613,55197656.000000,613,613,183848.619000,235,9690.000000,41.234043,18.403,0.346,0.346,0.166,0.286,0.310
799,749540.699300000094809,2567188.005200000014156,750540.699300000094809,2566188.005200000014156,18,26,0.999,482,43063101.000000,482,482,163633.240000,244,23715.000000,97.192623,16.380,0.308,0.272,0.391,0.324,0.310
800,749540.699300000094809,2566188.005200000014156,750540.699300000094809,2565188.005200000014156,19,26,0.999,482,43901767.000000,482,482,179374.150000,255,23205.000000,91.000000,17.955,0.338,0.272,0.366,0.325,0.317
801,749540.699300000094809,2565188.005200000014156,750540.699300000094809,2564188.005200000014156,20,26,0.999,357,31367705.000000,357,357,146503.537000,224,26520.000000,118.392857,14.665,0.276,0.202,0.476,0.318,0.286
802,749540.699300000094809,2564188.005200000014156,750540.699300000094809,2563188.005200000014156,21,26,0.999,356,31565651.000000,356,356,91503.279000,186,32130.000000,172.741935,9.159,0.172,0.201,0.695,0.356,0.288
803,749540.699300000094809,2563188.005200000014156,750540.699300000094809,2562188.005200000014156,22,26,0.999,108,9917726.000000,108,108,31344.727000,70,16065.000000,229.500000,3.138,0.059,0.061,0.923,0.348,0.233
804,749540.699300000094809,2562188.005200000014156,750540.699300000094809,2561188.005200000014156,23,26,0.999,64,6122209.000000,64,64,8901.644000,29,2805.000000,96.724138,0.891,0.017,0.036,0.389,0.147,0.099
805,749540.699300000094809,2561188.005200000014156,750540.699300000094809,2560188.005200000014156,24,26,0.999,,,,,,8,1530.000000,191.250000,0.000,0.000,,0.769,,
806,749540.699300000094809,2560188.005200000014156,750540.699300000094809,2559188.005200000014156,25,26,0.999,,,,,,20,3825.000000,191.250000,0.000,0.000,,0.769,,
807,749540.699300000094809,2559188.005200000014156,750540.699300000094809,2558188.005200000014156,26,26,0.503,,,,,,5,1020.000000,204.000000,0.000,0.000,,0.821,,
815,750540.699300000094809,2581188.005200000014156,751540.699300000094809,2580188.005200000014156,4,27,0.173,68,6112957.000000,68,68,6145.549000,13,3060.000000,235.384615,3.552,0.067,0.038,0.947,0.351,0.231
816,750540.699300000094809,2580188.005200000014156,751540.699300000094809,2579188.005200000014156,5,27,0.730,2,190663.000000,2,2,88.288000,1,0.000000,0.000000,0.012,0.000,0.001,0.000,0.000,0.000
817,750540.699300000094809,2579188.005200000014156,751540.699300000094809,2578188.005200000014156,6,27,0.999,13,1264003.000000,13,13,1659.731000,5,1020.000000,204.000000,0.166,0.003,0.007,0.821,0.277,0.168
818,750540.699300000094809,2578188.005200000014156,751540.699300000094809,2577188.005200000014156,7,27,0.995,23,2101247.000000,23,23,7907.731000,5,255.000000,51.000000,0.795,0.015,0.013,0.205,0.078,0.052
819,750540.699300000094809,2577188.005200000014156,751540.699300000094809,2576188.005200000014156,8,27,0.999,260,23792576.000000,260,260,244137.132000,140,17850.000000,127.500000,24.438,0.460,0.147,0.513,0.373,0.345
820,750540.699300000094809,2576188.005200000014156,751540.699300000094809,2575188.005200000014156,9,27,0.999,422,37761886.000000,422,422,294363.582000,132,11985.000000,90.795455,29.466,0.554,0.238,0.365,0.386,0.390
821,750540.699300000094809,2575188.005200000014156,751540.699300000094809,2574188.005200000014156,10,27,0.999,571,51723074.000000,571,571,362305.676000,125,10965.000000,87.720000,36.267,0.682,0.322,0.353,0.452,0.472
822,750540.699300000094809,2574188.005200000014156,751540.699300000094809,2573188.005200000014156,11,27,0.999,384,34570135.000000,384,384,209403.027000,120,18360.000000,153.000000,20.961,0.394,0.217,0.615,0.409,0.367
823,750540.699300000094809,2573188.005200000014156,751540.699300000094809,2572188.005200000014156,12,27,0.999,163,14236492.000000,163,163,115799.831000,44,9435.000000,214.431818,11.592,0.218,0.092,0.862,0.391,0.296
824,750540.699300000094809,2572188.005200000014156,751540.699300000094809,2571188.005200000014156,13,27,0.999,343,30848089.000000,343,343,61004.385000,77,15810.000000,205.324675,6.107,0.115,0.194,0.826,0.378,0.289
825,750540.699300000094809,2571188.005200000014156,751540.699300000094809,2570188.005200000014156,14,27,0.999,115,11469828.000000,115,115,31529.228000,46,8925.000000,194.021739,3.156,0.059,0.065,0.780,0.301,0.206
826,750540.699300000094809,2570188.005200000014156,751540.699300000094809,2569188.005200000014156,15,27,0.999,888,81075424.000000,888,888,218285.435000,103,16575.000000,160.922330,21.850,0.411,0.501,0.647,0.520,0.494
827,750540.699300000094809,2569188.005200000014156,751540.699300000094809,2568188.005200000014156,16,27,0.999,639,57322327.000000,639,639,260974.230000,271,28050.000000,103.505535,26.124,0.492,0.361,0.416,0.423,0.424
828,750540.699300000094809,2568188.005200000014156,751540.699300000094809,2567188.005200000014156,17,27,0.999,196,16822317.000000,196,196,61307.419000,74,14280.000000,192.972973,6.137,0.115,0.111,0.776,0.334,0.246
829,750540.699300000094809,2567188.005200000014156,751540.699300000094809,2566188.005200000014156,18,27,0.999,564,53085993.000000,564,564,199594.500000,290,37995.000000,131.017241,19.979,0.376,0.318,0.527,0.407,0.383
830,750540.699300000094809,2566188.005200000014156,751540.699300000094809,2565188.005200000014156,19,27,0.999,558,51282363.000000,558,558,146895.039000,265,34935.000000,131.830189,14.704,0.277,0.315,0.530,0.374,0.343
831,750540.699300000094809,2565188.005200000014156,751540.699300000094809,2564188.005200000014156,20,27,0.999,81,7623436.000000,81,81,14776.364000,28,5100.000000,182.142857,1.479,0.028,0.046,0.733,0.269,0.176
832,750540.699300000094809,2564188.005200000014156,751540.699300000094809,2563188.005200000014156,21,27,0.999,100,7923609.000000,100,100,40586.396000,138,29325.000000,212.500000,4.063,0.076,0.056,0.855,0.329,0.224
833,750540.699300000094809,2563188.005200000014156,751540.699300000094809,2562188.005200000014156,22,27,0.999,67,5851390.000000,67,67,38514.032000,52,11475.000000,220.673077,3.855,0.073,0.038,0.888,0.333,0.222
834,750540.699300000094809,2562188.005200000014156,751540.699300000094809,2561188.005200000014156,23,27,0.999,7,524959.000000,7,7,921.855000,1,0.000000,0.000000,0.092,0.002,0.004,0.000,0.002,0.002
835,750540.699300000094809,2561188.005200000014156,751540.699300000094809,2560188.005200000014156,24,27,0.999,6,566397.000000,6,6,747.543000,33,5100.000000,154.545455,0.075,0.001,0.003,0.622,0.209,0.126
836,750540.699300000094809,2560188.005200000014156,751540.699300000094809,2559188.005200000014156,25,27,0.999,,,,,,8,1275.000000,159.375000,0.000,0.000,,0.641,,
837,750540.699300000094809,2559188.005200000014156,751540.699300000094809,2558188.005200000014156,26,27,0.435,,,,,,1,0.000000,0.000000,0.000,0.000,,0.000,,
846,751540.699300000094809,2580188.005200000014156,752540.699300000094809,2579188.005200000014156,5,28,0.025,,,,,,1,0.000000,0.000000,0.000,0.000,,0.000,,
847,751540.699300000094809,2579188.005200000014156,752540.699300000094809,2578188.005200000014156,6,28,0.256,5,455060.000000,5,5,304.631000,1,0.000000,0.000000,0.119,0.002,0.003,0.000,0.002,0.002
848,751540.699300000094809,2578188.005200000014156,752540.699300000094809,2577188.005200000014156,7,28,0.702,262,23838102.000000,262,262,50352.664000,115,14025.000000,121.956522,7.173,0.135,0.148,0.491,0.258,0.211
849,751540.699300000094809,2577188.005200000014156,752540.699300000094809,2576188.005200000014156,8,28,0.999,627,58182010.000000,627,627,199089.823000,405,34170.000000,84.370370,19.929,0.375,0.354,0.339,0.356,0.359
850,751540.699300000094809,2576188.005200000014156,752540.699300000094809,2575188.005200000014156,9,28,0.999,883,80178266.000000,883,883,344590.649000,406,30855.000000,75.997537,34.494,0.649,0.499,0.306,0.485,0.520
851,751540.699300000094809,2575188.005200000014156,752540.699300000094809,2574188.005200000014156,10,28,0.999,1074,97897514.000000,1074,1074,444400.458000,352,10455.000000,29.701705,44.485,0.837,0.606,0.119,0.521,0.601
852,751540.699300000094809,2574188.005200000014156,752540.699300000094809,2573188.005200000014156,11,28,0.999,672,60175996.000000,672,672,277816.060000,191,26775.000000,140.183246,27.809,0.523,0.379,0.564,0.489,0.474
853,751540.699300000094809,2573188.005200000014156,752540.699300000094809,2572188.005200000014156,12,28,0.999,285,26664096.000000,285,285,347337.866000,119,24480.000000,205.714286,34.769,0.654,0.161,0.827,0.547,0.491
854,751540.699300000094809,2572188.005200000014156,752540.699300000094809,2571188.005200000014156,13,28,0.999,214,19632387.000000,214,214,99384.263000,103,23205.000000,225.291262,9.948,0.187,0.121,0.906,0.405,0.304
855,751540.699300000094809,2571188.005200000014156,752540.699300000094809,2570188.005200000014156,14,28,0.999,384,35926210.000000,384,384,54665.803000,216,45135.000000,208.958333,5.472,0.103,0.217,0.840,0.387,0.296
856,751540.699300000094809,2570188.005200000014156,752540.699300000094809,2569188.005200000014156,15,28,0.999,827,76236337.000000,827,827,184808.682000,172,24735.000000,143.808140,18.499,0.348,0.467,0.578,0.464,0.442
857,751540.699300000094809,2569188.005200000014156,752540.699300000094809,2568188.005200000014156,16,28,0.999,527,47145418.000000,527,527,160829.719000,241,30855.000000,128.029046,16.099,0.303,0.298,0.515,0.372,0.343
858,751540.699300000094809,2568188.005200000014156,752540.699300000094809,2567188.005200000014156,17,28,0.999,1226,109938448.000000,1226,1226,278007.262000,265,11730.000000,44.264151,27.829,0.524,0.692,0.178,0.465,0.522
859,751540.699300000094809,2567188.005200000014156,752540.699300000094809,2566188.005200000014156,18,28,0.999,810,73728476.000000,810,810,248629.372000,361,21420.000000,59.335180,24.888,0.468,0.457,0.239,0.388,0.418
860,751540.699300000094809,2566188.005200000014156,752540.699300000094809,2565188.005200000014156,19,28,0.999,453,41863987.000000,453,453,191607.410000,245,25755.000000,105.122449,19.180,0.361,0.256,0.423,0.347,0.331
861,751540.699300000094809,2565188.005200000014156,752540.699300000094809,2564188.005200000014156,20,28,0.999,370,33243877.000000,370,370,160929.768000,230,30090.000000,130.826087,16.109,0.303,0.209,0.526,0.346,0.310
862,751540.699300000094809,2564188.005200000014156,752540.699300000094809,2563188.005200000014156,21,28,0.999,156,14537301.000000,156,156,56671.862000,84,12495.000000,148.750000,5.673,0.107,0.088,0.598,0.264,0.198
863,751540.699300000094809,2563188.005200000014156,752540.699300000094809,2562188.005200000014156,22,28,0.999,19,1740493.000000,19,19,7616.893000,12,2040.000000,170.000000,0.762,0.014,0.011,0.684,0.236,0.147
864,751540.699300000094809,2562188.005200000014156,752540.699300000094809,2561188.005200000014156,23,28,0.999,30,2758641.000000,30,30,3752.497000,4,765.000000,191.250000,0.376,0.007,0.017,0.769,0.264,0.163
865,751540.699300000094809,2561188.005200000014156,752540.699300000094809,2560188.005200000014156,24,28,0.999,10,933074.000000,10,10,1578.414000,5,1020.000000,204.000000,0.158,0.003,0.006,0.821,0.277,0.168
866,751540.699300000094809,2560188.005200000014156,752540.699300000094809,2559188.005200000014156,25,28,0.636,14,1149887.000000,14,14,839.323000,3,510.000000,170.000000,0.132,0.002,0.008,0.684,0.231,0.141
867,751540.699300000094809,2559188.005200000014156,752540.699300000094809,2558188.005200000014156,26,28,0.010,,,,,,1,0.000000,0.000000,0.000,0.000,,0.000,,
878,752540.699300000094809,2578188.005200000014156,753540.699300000094809,2577188.005200000014156,7,29,0.181,171,15347808.000000,171,171,14619.452000,17,3060.000000,180.000000,8.077,0.152,0.097,0.724,0.324,0.244
879,752540.699300000094809,2577188.005200000014156,753540.699300000094809,2576188.005200000014156,8,29,0.872,510,46178944.000000,510,510,94993.185000,224,20655.000000,92.209821,10.894,0.205,0.288,0.371,0.288,0.271
880,752540.699300000094809,2576188.005200000014156,753540.699300000094809,2575188.005200000014156,9,29,0.999,568,51392406.000000,568,568,220071.193000,487,35955.000000,73.829569,22.029,0.414,0.321,0.297,0.344,0.353
881,752540.699300000094809,2575188.005200000014156,753540.699300000094809,2574188.005200000014156,10,29,0.999,862,74431743.000000,862,862,327477.043000,543,23970.000000,44.143646,32.780,0.617,0.487,0.178,0.427,0.477
882,752540.699300000094809,2574188.005200000014156,753540.699300000094809,2573188.005200000014156,11,29,0.999,929,19414736.000000,929,929,323075.995000,255,16830.000000,66.000000,32.340,0.608,0.525,0.265,0.466,0.506
883,752540.699300000094809,2573188.005200000014156,753540.699300000094809,2572188.005200000014156,12,29,0.999,699,14631034.000000,699,699,103819.498000,219,49215.000000,224.726027,10.392,0.196,0.395,0.904,0.498,0.417
884,752540.699300000094809,2572188.005200000014156,753540.699300000094809,2571188.005200000014156,13,29,0.999,674,16783136.000000,674,674,79183.330000,240,58905.000000,245.437500,7.926,0.149,0.381,0.987,0.506,0.409
885,752540.699300000094809,2571188.005200000014156,753540.699300000094809,2570188.005200000014156,14,29,0.999,392,12630246.000000,392,392,40230.503000,214,47430.000000,221.635514,4.027,0.076,0.221,0.891,0.396,0.297
886,752540.699300000094809,2570188.005200000014156,753540.699300000094809,2569188.005200000014156,15,29,0.999,1269,31639129.000000,1269,1269,170331.077000,356,36720.000000,103.146067,17.050,0.321,0.717,0.415,0.484,0.498
887,752540.699300000094809,2569188.005200000014156,753540.699300000094809,2568188.005200000014156,16,29,0.999,299,3457247.000000,299,299,42118.601000,68,3825.000000,56.250000,4.216,0.079,0.169,0.226,0.158,0.144
888,752540.699300000094809,2568188.005200000014156,753540.699300000094809,2567188.005200000014156,17,29,0.999,453,13012614.000000,453,453,104530.306000,130,17595.000000,135.346154,10.463,0.197,0.256,0.544,0.332,0.290
889,752540.699300000094809,2567188.005200000014156,753540.699300000094809,2566188.005200000014156,18,29,0.999,558,22987412.000000,558,558,162096.235000,284,26520.000000,93.380282,16.226,0.305,0.315,0.376,0.332,0.323
890,752540.699300000094809,2566188.005200000014156,753540.699300000094809,2565188.005200000014156,19,29,0.999,923,32050991.000000,923,923,229629.662000,357,19380.000000,54.285714,22.986,0.432,0.521,0.218,0.390,0.425
891,752540.699300000094809,2565188.005200000014156,753540.699300000094809,2564188.005200000014156,20,29,0.999,446,15910555.000000,446,446,148856.171000,224,32385.000000,144.575893,14.901,0.280,0.252,0.582,0.371,0.329
892,752540.699300000094809,2564188.005200000014156,753540.699300000094809,2563188.005200000014156,21,29,0.999,492,46027497.000000,492,492,140927.989000,155,15810.000000,102.000000,14.107,0.265,0.278,0.410,0.318,0.299
893,752540.699300000094809,2563188.005200000014156,753540.699300000094809,2562188.005200000014156,22,29,0.999,100,8549252.000000,100,100,31576.821000,56,7140.000000,127.500000,3.161,0.059,0.056,0.513,0.209,0.149
894,752540.699300000094809,2562188.005200000014156,753540.699300000094809,2561188.005200000014156,23,29,0.999,67,6321924.000000,67,67,25915.438000,34,3060.000000,90.000000,2.594,0.049,0.038,0.362,0.150,0.107
895,752540.699300000094809,2561188.005200000014156,753540.699300000094809,2560188.005200000014156,24,29,0.999,7,559657.000000,7,7,1168.583000,2,255.000000,127.500000,0.117,0.002,0.004,0.513,0.173,0.105
896,752540.699300000094809,2560188.005200000014156,753540.699300000094809,2559188.005200000014156,25,29,0.834,29,2696818.000000,29,29,5815.800000,11,2295.000000,208.636364,0.697,0.013,0.016,0.839,0.289,0.179
897,752540.699300000094809,2559188.005200000014156,753540.699300000094809,2558188.005200000014156,26,29,0.173,1,36287.000000,1,1,193.179000,1,0.000000,0.000000,0.112,0.002,0.001,0.000,0.001,0.001
909,753540.699300000094809,2577188.005200000014156,754540.699300000094809,2576188.005200000014156,8,30,0.287,9,753648.000000,9,9,897.893000,2,255.000000,127.500000,0.313,0.006,0.005,0.513,0.175,0.107
910,753540.699300000094809,2576188.005200000014156,754540.699300000094809,2575188.005200000014156,9,30,0.999,64,5714788.000000,64,64,10348.073000,13,3060.000000,235.384615,1.036,0.019,0.036,0.947,0.334,0.211
911,753540.699300000094809,2575188.005200000014156,754540.699300000094809,2574188.005200000014156,10,30,0.999,380,24759325.000000,380,380,168967.744000,262,17340.000000,66.183206,16.914,0.318,0.215,0.266,0.266,0.266
912,753540.699300000094809,2574188.005200000014156,754540.699300000094809,2573188.005200000014156,11,30,0.999,874,9161408.000000,874,874,255770.583000,294,17595.000000,59.846939,25.603,0.482,0.494,0.241,0.406,0.439
913,753540.699300000094809,2573188.005200000014156,754540.699300000094809,2572188.005200000014156,12,30,0.999,715,7265388.000000,715,715,100933.313000,129,15300.000000,118.604651,10.103,0.190,0.404,0.477,0.357,0.333
914,753540.699300000094809,2572188.005200000014156,754540.699300000094809,2571188.005200000014156,13,30,0.999,475,4903699.000000,475,475,106328.679000,74,7650.000000,103.378378,10.644,0.200,0.268,0.416,0.295,0.270
915,753540.699300000094809,2571188.005200000014156,754540.699300000094809,2570188.005200000014156,14,30,0.999,596,6029369.000000,596,596,212650.344000,202,16575.000000,82.054455,21.286,0.400,0.337,0.330,0.356,0.361
916,753540.699300000094809,2570188.005200000014156,754540.699300000094809,2569188.005200000014156,15,30,0.999,539,5350763.000000,539,539,155863.224000,172,17085.000000,99.331395,15.602,0.294,0.304,0.400,0.333,0.319
917,753540.699300000094809,2569188.005200000014156,754540.699300000094809,2568188.005200000014156,16,30,0.999,309,3238402.000000,309,309,43322.160000,53,3060.000000,57.735849,4.337,0.082,0.174,0.232,0.163,0.149
918,753540.699300000094809,2568188.005200000014156,754540.699300000094809,2567188.005200000014156,17,30,0.924,279,2922244.000000,279,279,43793.728000,70,3060.000000,43.714286,4.740,0.089,0.158,0.176,0.141,0.134
919,753540.699300000094809,2567188.005200000014156,754540.699300000094809,2566188.005200000014156,18,30,0.933,674,6934884.000000,674,674,141483.561000,189,18870.000000,99.841270,15.164,0.285,0.381,0.402,0.356,0.347
920,753540.699300000094809,2566188.005200000014156,754540.699300000094809,2565188.005200000014156,19,30,0.999,324,3184467.000000,324,324,161972.511000,239,25245.000000,105.627615,16.213,0.305,0.183,0.425,0.304,0.280
921,753540.699300000094809,2565188.005200000014156,754540.699300000094809,2564188.005200000014156,20,30,0.999,274,2892918.000000,274,274,116924.310000,229,21675.000000,94.650655,11.704,0.220,0.155,0.381,0.252,0.226
922,753540.699300000094809,2564188.005200000014156,754540.699300000094809,2563188.005200000014156,21,30,0.999,51,4636645.000000,51,51,23869.391000,15,3315.000000,221.000000,2.389,0.045,0.029,0.889,0.321,0.207
923,753540.699300000094809,2563188.005200000014156,754540.699300000094809,2562188.005200000014156,22,30,0.999,138,12307313.000000,138,138,48153.934000,78,12495.000000,160.192308,4.820,0.091,0.078,0.644,0.271,0.196
924,753540.699300000094809,2562188.005200000014156,754540.699300000094809,2561188.005200000014156,23,30,0.999,183,16137752.000000,183,183,82099.149000,143,18870.000000,131.958042,8.218,0.155,0.103,0.531,0.263,0.209
925,753540.699300000094809,2561188.005200000014156,754540.699300000094809,2560188.005200000014156,24,30,0.999,258,22247447.000000,258,258,58767.234000,80,14280.000000,178.500000,5.883,0.111,0.146,0.718,0.325,0.246
926,753540.699300000094809,2560188.005200000014156,754540.699300000094809,2559188.005200000014156,25,30,0.999,36,3419265.000000,36,36,4716.564000,8,1530.000000,191.250000,0.472,0.009,0.020,0.769,0.266,0.165
927,753540.699300000094809,2559188.005200000014156,754540.699300000094809,2558188.005200000014156,26,30,0.565,27,2191409.000000,27,27,3273.620000,7,1275.000000,182.142857,0.579,0.011,0.015,0.733,0.253,0.157
938,754540.699300000094809,2578188.005200000014156,755540.699300000094809,2577188.005200000014156,7,31,0.011,,,,,,1,0.000000,0.000000,0.000,0.000,,0.000,,
939,754540.699300000094809,2577188.005200000014156,755540.699300000094809,2576188.005200000014156,8,31,0.882,,,,,,1,0.000000,0.000000,0.000,0.000,,0.000,,
940,754540.699300000094809,2576188.005200000014156,755540.699300000094809,2575188.005200000014156,9,31,0.999,1,60899.000000,1,1,202.599000,1,0.000000,0.000000,0.020,0.000,0.001,0.000,0.000,0.000
941,754540.699300000094809,2575188.005200000014156,755540.699300000094809,2574188.005200000014156,10,31,0.999,208,9805509.000000,208,208,52893.925000,62,5610.000000,90.483871,5.295,0.100,0.117,0.364,0.194,0.160
942,754540.699300000094809,2574188.005200000014156,755540.699300000094809,2573188.005200000014156,11,31,0.999,577,5901856.000000,577,577,218668.974000,261,21675.000000,83.045977,21.889,0.412,0.326,0.334,0.357,0.362
943,754540.699300000094809,2573188.005200000014156,755540.699300000094809,2572188.005200000014156,12,31,0.999,734,7411011.000000,734,734,255778.264000,340,24480.000000,72.000000,25.603,0.482,0.414,0.290,0.395,0.416
944,754540.699300000094809,2572188.005200000014156,755540.699300000094809,2571188.005200000014156,13,31,0.999,693,6977862.000000,693,693,302743.548000,355,30345.000000,85.478873,30.305,0.570,0.391,0.344,0.435,0.453
945,754540.699300000094809,2571188.005200000014156,755540.699300000094809,2570188.005200000014156,14,31,0.999,822,8138231.000000,822,822,314670.279000,462,32130.000000,69.545455,31.499,0.593,0.464,0.280,0.446,0.479
946,754540.699300000094809,2570188.005200000014156,755540.699300000094809,2569188.005200000014156,15,31,0.999,221,2134824.000000,221,221,87991.347000,101,11475.000000,113.613861,8.808,0.166,0.125,0.457,0.249,0.208
947,754540.699300000094809,2569188.005200000014156,755540.699300000094809,2568188.005200000014156,16,31,0.977,229,2411440.000000,229,229,56198.859000,52,10455.000000,201.057692,5.752,0.108,0.129,0.809,0.349,0.257
948,754540.699300000094809,2568188.005200000014156,755540.699300000094809,2567188.005200000014156,17,31,0.225,25,277813.000000,25,25,9388.101000,11,2040.000000,185.454545,4.172,0.078,0.014,0.746,0.279,0.186
949,754540.699300000094809,2567188.005200000014156,755540.699300000094809,2566188.005200000014156,18,31,0.847,306,2846672.000000,306,306,115363.604000,233,30345.000000,130.236052,13.620,0.256,0.173,0.524,0.318,0.276
950,754540.699300000094809,2566188.005200000014156,755540.699300000094809,2565188.005200000014156,19,31,0.999,208,2060192.000000,208,208,93952.964000,115,14535.000000,126.391304,9.405,0.177,0.117,0.508,0.267,0.219
951,754540.699300000094809,2565188.005200000014156,755540.699300000094809,2564188.005200000014156,20,31,0.999,37,377484.000000,37,37,15085.463000,15,3315.000000,221.000000,1.510,0.028,0.021,0.889,0.313,0.197
952,754540.699300000094809,2564188.005200000014156,755540.699300000094809,2563188.005200000014156,21,31,0.999,118,8341155.000000,118,118,26346.512000,25,2805.000000,112.200000,2.637,0.050,0.067,0.451,0.189,0.137
953,754540.699300000094809,2563188.005200000014156,755540.699300000094809,2562188.005200000014156,22,31,0.999,14,1242252.000000,14,14,7942.293000,8,1785.000000,223.125000,0.795,0.015,0.008,0.897,0.307,0.189
954,754540.699300000094809,2562188.005200000014156,755540.699300000094809,2561188.005200000014156,23,31,0.999,152,13374523.000000,152,152,57538.921000,120,26775.000000,223.125000,5.760,0.108,0.086,0.897,0.364,0.257
955,754540.699300000094809,2561188.005200000014156,755540.699300000094809,2560188.005200000014156,24,31,0.999,282,25815079.000000,282,282,97764.774000,149,23205.000000,155.738255,9.786,0.184,0.159,0.626,0.323,0.262
956,754540.699300000094809,2560188.005200000014156,755540.699300000094809,2559188.005200000014156,25,31,0.999,374,35297697.000000,374,374,132750.888000,247,34935.000000,141.437247,13.288,0.250,0.211,0.569,0.343,0.298
957,754540.699300000094809,2559188.005200000014156,755540.699300000094809,2558188.005200000014156,26,31,0.848,100,9259640.000000,100,100,30053.355000,65,9945.000000,153.000000,3.544,0.067,0.056,0.615,0.246,0.172
958,754540.699300000094809,2558188.005200000014156,755540.699300000094809,2557188.005200000014156,27,31,0.029,,,,,,1,0.000000,0.000000,0.000,0.000,,0.000,,
968,755540.699300000094809,2578188.005200000014156,756540.699300000094809,2577188.005200000014156,7,32,0.284,,,,,,1,0.000000,0.000000,0.000,0.000,,0.000,,
969,755540.699300000094809,2577188.005200000014156,756540.699300000094809,2576188.005200000014156,8,32,0.504,552,51457205.000000,552,552,50847.592000,59,6630.000000,112.372881,10.089,0.190,0.312,0.452,0.318,0.291
970,755540.699300000094809,2576188.005200000014156,756540.699300000094809,2575188.005200000014156,9,32,0.999,457,41412588.000000,457,457,35763.952000,57,4080.000000,71.578947,3.580,0.067,0.258,0.288,0.204,0.188
971,755540.699300000094809,2575188.005200000014156,756540.699300000094809,2574188.005200000014156,10,32,0.999,131,8504772.000000,131,131,73458.623000,66,11730.000000,177.727273,7.353,0.138,0.074,0.715,0.309,0.228
972,755540.699300000094809,2574188.005200000014156,756540.699300000094809,2573188.005200000014156,11,32,0.999,345,3630037.000000,345,345,123518.340000,175,26775.000000,153.000000,12.364,0.233,0.195,0.615,0.348,0.294
973,755540.699300000094809,2573188.005200000014156,756540.699300000094809,2572188.005200000014156,12,32,0.999,151,1545955.000000,151,151,91166.391000,92,19635.000000,213.423913,9.126,0.172,0.085,0.858,0.372,0.274
974,755540.699300000094809,2572188.005200000014156,756540.699300000094809,2571188.005200000014156,13,32,0.999,545,5455479.000000,545,545,97213.814000,93,9435.000000,101.451613,9.731,0.183,0.308,0.408,0.300,0.278
975,755540.699300000094809,2571188.005200000014156,756540.699300000094809,2570188.005200000014156,14,32,0.999,295,2937434.000000,295,295,87632.500000,100,14535.000000,145.350000,8.772,0.165,0.167,0.585,0.306,0.250
976,755540.699300000094809,2570188.005200000014156,756540.699300000094809,2569188.005200000014156,15,32,0.913,384,3921570.000000,384,384,101792.665000,216,15555.000000,72.013889,11.149,0.210,0.217,0.290,0.239,0.229
977,755540.699300000094809,2569188.005200000014156,756540.699300000094809,2568188.005200000014156,16,32,0.119,34,321353.000000,34,34,10119.041000,9,2040.000000,226.666667,8.503,0.160,0.019,0.912,0.364,0.254
978,755540.699300000094809,2568188.005200000014156,756540.699300000094809,2567188.005200000014156,17,32,0.186,,,,,,1,0.000000,0.000000,0.000,0.000,,0.000,,
979,755540.699300000094809,2567188.005200000014156,756540.699300000094809,2566188.005200000014156,18,32,0.969,66,722593.000000,66,66,36103.988000,15,3570.000000,238.000000,3.726,0.070,0.037,0.957,0.355,0.234
980,755540.699300000094809,2566188.005200000014156,756540.699300000094809,2565188.005200000014156,19,32,0.999,539,5497312.000000,539,539,67615.480000,70,12495.000000,178.500000,6.768,0.127,0.304,0.718,0.383,0.316
981,755540.699300000094809,2565188.005200000014156,756540.699300000094809,2564188.005200000014156,20,32,0.999,198,1977985.000000,198,198,159712.998000,219,32895.000000,150.205479,15.987,0.301,0.112,0.604,0.339,0.286
982,755540.699300000094809,2564188.005200000014156,756540.699300000094809,2563188.005200000014156,21,32,0.999,53,3487734.000000,53,53,47830.289000,43,4845.000000,112.674419,4.788,0.090,0.030,0.453,0.191,0.139
983,755540.699300000094809,2563188.005200000014156,756540.699300000094809,2562188.005200000014156,22,32,0.999,91,8728444.000000,91,91,20916.354000,28,4590.000000,163.928571,2.094,0.039,0.051,0.659,0.250,0.168
984,755540.699300000094809,2562188.005200000014156,756540.699300000094809,2561188.005200000014156,23,32,0.999,183,17175023.000000,183,183,59957.887000,100,20910.000000,209.100000,6.002,0.113,0.103,0.841,0.352,0.255
985,755540.699300000094809,2561188.005200000014156,756540.699300000094809,2560188.005200000014156,24,32,0.999,74,6674200.000000,74,74,22150.552000,34,8160.000000,240.000000,2.217,0.042,0.042,0.965,0.350,0.227
986,755540.699300000094809,2560188.005200000014156,756540.699300000094809,2559188.005200000014156,25,32,0.999,112,10257370.000000,112,112,30469.292000,32,6885.000000,215.156250,3.050,0.057,0.063,0.865,0.328,0.221
987,755540.699300000094809,2559188.005200000014156,756540.699300000094809,2558188.005200000014156,26,32,0.751,317,29586953.000000,317,317,66830.330000,131,20145.000000,153.778626,8.899,0.167,0.179,0.619,0.322,0.262
988,755540.699300000094809,2558188.005200000014156,756540.699300000094809,2557188.005200000014156,27,32,0.006,3,250566.000000,3,3,2024.569000,1,0.000000,0.000000,33.743,0.635,0.002,0.000,0.212,0.255
999,756540.699300000094809,2577188.005200000014156,757540.699300000094809,2576188.005200000014156,8,33,0.001,4,322008.000000,4,4,291.432000,3,510.000000,170.000000,29.143,0.548,0.002,0.684,0.411,0.357
1000,756540.699300000094809,2576188.005200000014156,757540.699300000094809,2575188.005200000014156,9,33,0.913,299,27744177.000000,299,299,77077.550000,122,26265.000000,215.286885,8.442,0.159,0.169,0.866,0.398,0.304
1001,756540.699300000094809,2575188.005200000014156,757540.699300000094809,2574188.005200000014156,10,33,0.999,65,4473331.000000,65,65,19393.225000,19,4335.000000,228.157895,1.941,0.037,0.037,0.918,0.331,0.213
1002,756540.699300000094809,2574188.005200000014156,757540.699300000094809,2573188.005200000014156,11,33,0.999,197,2077891.000000,197,197,33965.719000,67,15045.000000,224.552239,3.400,0.064,0.111,0.903,0.359,0.251
1003,756540.699300000094809,2573188.005200000014156,757540.699300000094809,2572188.005200000014156,12,33,0.999,75,803270.000000,75,75,12824.317000,25,6120.000000,244.800000,1.284,0.024,0.042,0.985,0.350,0.223
1004,756540.699300000094809,2572188.005200000014156,757540.699300000094809,2571188.005200000014156,13,33,0.999,260,2583752.000000,260,260,33105.727000,58,8670.000000,149.482759,3.314,0.062,0.147,0.601,0.270,0.204
1005,756540.699300000094809,2571188.005200000014156,757540.699300000094809,2570188.005200000014156,14,33,0.999,44,408171.000000,44,44,7196.915000,9,1785.000000,198.333333,0.720,0.014,0.025,0.798,0.279,0.175
1006,756540.699300000094809,2570188.005200000014156,757540.699300000094809,2569188.005200000014156,15,33,0.367,10,87299.000000,10,10,11140.585000,3,510.000000,170.000000,3.036,0.057,0.006,0.684,0.249,0.162
1009,756540.699300000094809,2567188.005200000014156,757540.699300000094809,2566188.005200000014156,18,33,0.220,2,19293.000000,2,2,20.868000,1,0.000000,0.000000,0.009,0.000,0.001,0.000,0.000,0.000
1010,756540.699300000094809,2566188.005200000014156,757540.699300000094809,2565188.005200000014156,19,33,0.923,41,444594.000000,41,41,25011.700000,16,2805.000000,175.312500,2.710,0.051,0.023,0.705,0.260,0.171
1011,756540.699300000094809,2565188.005200000014156,757540.699300000094809,2564188.005200000014156,20,33,0.999,26,407035.000000,26,26,7642.799000,9,2040.000000,226.666667,0.765,0.014,0.015,0.912,0.314,0.194
1012,756540.699300000094809,2564188.005200000014156,757540.699300000094809,2563188.005200000014156,21,33,0.999,154,13950399.000000,154,154,23742.572000,39,5865.000000,150.384615,2.377,0.045,0.087,0.605,0.246,0.174
1013,756540.699300000094809,2563188.005200000014156,757540.699300000094809,2562188.005200000014156,22,33,0.999,91,7726067.000000,91,91,32316.453000,33,7650.000000,231.818182,3.235,0.061,0.051,0.932,0.348,0.231
1014,756540.699300000094809,2562188.005200000014156,757540.699300000094809,2561188.005200000014156,23,33,0.999,111,10143700.000000,111,111,70231.991000,49,11730.000000,239.387755,7.030,0.132,0.063,0.963,0.386,0.271
1015,756540.699300000094809,2561188.005200000014156,757540.699300000094809,2560188.005200000014156,24,33,0.999,94,8776186.000000,94,94,18880.895000,23,3315.000000,144.130435,1.890,0.036,0.053,0.580,0.223,0.152
1016,756540.699300000094809,2560188.005200000014156,757540.699300000094809,2559188.005200000014156,25,33,0.999,185,16424682.000000,185,185,31625.445000,48,8160.000000,170.000000,3.166,0.060,0.104,0.684,0.283,0.202
1017,756540.699300000094809,2559188.005200000014156,757540.699300000094809,2558188.005200000014156,26,33,0.732,62,5357094.000000,62,62,18097.505000,19,4590.000000,241.578947,2.472,0.047,0.035,0.972,0.351,0.227
1018,756540.699300000094809,2558188.005200000014156,757540.699300000094809,2557188.005200000014156,27,33,0.068,2,172531.000000,2,2,274.399000,4,765.000000,191.250000,0.404,0.008,0.001,0.769,0.259,0.157
1030,757540.699300000094809,2576188.005200000014156,758540.699300000094809,2575188.005200000014156,9,34,0.475,129,12114456.000000,129,129,21704.484000,45,9945.000000,221.000000,4.569,0.086,0.073,0.889,0.349,0.241
1031,757540.699300000094809,2575188.005200000014156,758540.699300000094809,2574188.005200000014156,10,34,0.138,,,,,,1,0.000000,0.000000,0.000,0.000,,0.000,,
1032,757540.699300000094809,2574188.005200000014156,758540.699300000094809,2573188.005200000014156,11,34,0.197,55,542268.000000,55,55,5819.979000,13,2550.000000,196.153846,2.954,0.056,0.031,0.789,0.292,0.193
1033,757540.699300000094809,2573188.005200000014156,758540.699300000094809,2572188.005200000014156,12,34,0.562,59,527585.000000,59,59,24751.398000,37,7650.000000,206.756757,4.404,0.083,0.033,0.832,0.316,0.213
1034,757540.699300000094809,2572188.005200000014156,758540.699300000094809,2571188.005200000014156,13,34,0.972,328,3217470.000000,328,328,41472.263000,63,7140.000000,113.333333,4.267,0.080,0.185,0.456,0.240,0.197
1035,757540.699300000094809,2571188.005200000014156,758540.699300000094809,2570188.005200000014156,14,34,0.715,51,529246.000000,51,51,28955.652000,15,2805.000000,187.000000,4.050,0.076,0.029,0.752,0.286,0.192
1036,757540.699300000094809,2570188.005200000014156,758540.699300000094809,2569188.005200000014156,15,34,0.032,,,,,,1,0.000000,0.000000,0.000,0.000,,0.000,,
1040,757540.699300000094809,2566188.005200000014156,758540.699300000094809,2565188.005200000014156,19,34,0.017,1,18523.000000,1,1,338.927000,1,0.000000,0.000000,1.994,0.038,0.001,0.000,0.013,0.016
1041,757540.699300000094809,2565188.005200000014156,758540.699300000094809,2564188.005200000014156,20,34,0.120,1,62260.000000,1,1,69.364000,1,0.000000,0.000000,0.058,0.001,0.001,0.000,0.001,0.001
1042,757540.699300000094809,2564188.005200000014156,758540.699300000094809,2563188.005200000014156,21,34,0.472,9,855245.000000,9,9,2214.190000,3,510.000000,170.000000,0.469,0.009,0.005,0.684,0.233,0.142
1043,757540.699300000094809,2563188.005200000014156,758540.699300000094809,2562188.005200000014156,22,34,0.815,8,778377.000000,8,8,935.396000,2,255.000000,127.500000,0.115,0.002,0.005,0.513,0.173,0.105
1044,757540.699300000094809,2562188.005200000014156,758540.699300000094809,2561188.005200000014156,23,34,0.999,17,1913948.000000,17,17,2028.462000,2,255.000000,127.500000,0.203,0.004,0.010,0.513,0.176,0.108
1045,757540.699300000094809,2561188.005200000014156,758540.699300000094809,2560188.005200000014156,24,34,0.999,43,3711677.000000,43,43,10638.206000,11,2295.000000,208.636364,1.065,0.020,0.024,0.839,0.294,0.185
1046,757540.699300000094809,2560188.005200000014156,758540.699300000094809,2559188.005200000014156,25,34,0.919,124,11426729.000000,124,124,18516.814000,18,3570.000000,198.333333,2.015,0.038,0.070,0.798,0.302,0.203
1047,757540.699300000094809,2559188.005200000014156,758540.699300000094809,2558188.005200000014156,26,34,0.421,2,210288.000000,2,2,60.773000,1,0.000000,0.000000,0.014,0.000,0.001,0.000,0.000,0.000
1063,758540.699300000094809,2573188.005200000014156,759540.699300000094809,2572188.005200000014156,12,35,0.010,,,,,,1,0.000000,0.000000,0.000,0.000,,0.000,,
1064,758540.699300000094809,2572188.005200000014156,759540.699300000094809,2571188.005200000014156,13,35,0.091,2,12776.000000,2,2,236.766000,1,0.000000,0.000000,0.260,0.005,0.001,0.000,0.002,0.002
1073,758540.699300000094809,2563188.005200000014156,759540.699300000094809,2562188.005200000014156,22,35,0.062,,,,,,1,0.000000,0.000000,0.000,0.000,,0.000,,
1074,758540.699300000094809,2562188.005200000014156,759540.699300000094809,2561188.005200000014156,23,35,0.552,97,8584168.000000,97,97,8372.532000,11,2550.000000,231.818182,1.517,0.029,0.055,0.932,0.339,0.220
1075,758540.699300000094809,2561188.005200000014156,759540.699300000094809,2560188.005200000014156,24,35,0.209,93,8349247.000000,93,93,13876.072000,17,3825.000000,225.000000,6.639,0.125,0.053,0.905,0.361,0.252
1076,758540.699300000094809,2560188.005200000014156,759540.699300000094809,2559188.005200000014156,25,35,0.073,,,,,,1,0.000000,0.000000,0.000,0.000,,0.000,,
1077,758540.699300000094809,2559188.005200000014156,759540.699300000094809,2558188.005200000014156,26,35,0.320,,,,,,1,0.000000,0.000000,0.000,0.000,,0.000,,
1106,759540.699300000094809,2560188.005200000014156,760540.699300000094809,2559188.005200000014156,25,36,0.009,,,,,,1,0.000000,0.000000,0.000,0.000,,0.000,,
1107,759540.699300000094809,2559188.005200000014156,760540.699300000094809,2558188.005200000014156,26,36,0.026,,,,,,1,0.000000,0.000000,0.000,0.000,,0.000,,
